mfcc_0,mfcc_1,mfcc_2,mfcc_3,mfcc_4,mfcc_5,mfcc_6,mfcc_7,mfcc_8,mfcc_9,mfcc_10,mfcc_11,mfcc_12,mfcc_13,mfcc_14,mfcc_15,mfcc_16,mfcc_17,mfcc_18,mfcc_19
-389.8904,85.38266,22.85807,30.947252,-8.941733,-5.5389786,3.032122,16.903013,6.7895565,13.9157505,8.382235,10.595499,-1.3671348,8.684329,8.585604,12.801269,13.026369,9.767435,4.3205624,-5.610257
-301.7656,85.299286,17.424528,32.628967,-12.5323105,-0.25789005,7.2545285,10.747078,1.2860272,14.329069,0.9414633,8.122908,-1.058244,11.022753,8.595105,8.743859,9.991121,9.2463455,2.4209898,3.2370656
-268.94678,85.2444,10.238644,34.494404,-6.179493,4.8763847,-0.6933862,-0.4787565,1.8018558,14.753546,-6.101018,8.055656,-0.028276742,9.7747345,4.52361,2.4417198,4.453497,4.2201977,-3.048062,8.253054
-261.60904,86.60196,4.9648924,31.882849,-3.2309215,6.451593,-6.1916256,-3.7492633,0.82259786,9.915242,-8.952568,9.938399,-2.483303,3.7602575,3.512547,-0.24533182,4.401288,10.901571,-3.6271386,6.845124
-273.11462,76.27583,-0.038075835,28.082123,-9.852467,6.822364,-2.190743,-2.9058435,-0.09499331,8.887888,0.2479755,13.197845,-4.1033573,3.1105847,6.544475,0.8419961,0.050525397,10.43552,-4.4826365,6.1527367
-283.6832,77.43533,9.098537,30.523544,-5.2314744,11.098662,9.35063,0.97297823,1.8868222,13.725315,3.903985,8.335723,-2.542194,-2.9413373,-0.17747957,0.9344206,-0.03234382,4.527362,-9.577348,4.595834
-280.48917,81.39093,8.652878,25.220613,-1.8605996,16.717623,8.093636,4.4197397,-3.8758113,7.9728327,1.8350631,11.650867,-0.23174882,-7.1699667,-1.3559533,4.5289593,-1.3147495,2.4602313,-6.034183,1.6446439
-278.22455,81.55269,2.8977623,16.261126,-7.508522,14.077852,3.9892693,5.7130203,-3.3842847,5.368428,-1.185377,5.114462,-2.3632538,-1.8752704,-0.8057189,5.4149437,3.1570034,3.580072,-5.6017284,1.7776306
-276.09393,81.62971,5.661212,15.318394,-3.3575926,12.290308,1.5304767,6.143215,-2.4648318,-1.099383,-2.633629,1.7965658,0.35364246,1.2895818,-3.5494993,1.4975863,3.2972589,4.412611,-6.4364324,6.6966467
-268.48734,90.96446,14.68618,22.157375,6.113405,16.394276,10.062885,13.786045,-5.9014072,0.69494903,-2.8181238,-0.9411709,-3.1851401,3.7039673,-2.5622578,3.221781,4.938597,7.329151,-1.1559149,5.8663597
-257.0759,93.56317,3.56814,20.215435,9.618766,26.024218,5.010371,2.8474863,-5.6394963,14.487271,0.4328217,-4.687566,-8.092328,5.223604,2.872851,7.098121,3.9680123,5.545133,-1.2942573,6.546315
-261.84348,87.21167,-1.5242558,18.86931,10.221592,31.725683,3.5136752,-0.09628284,-0.9786697,12.808239,-1.4968028,2.4983191,-5.8756366,0.49350297,-2.5336437,3.9830322,-0.85548306,6.0827374,3.645998,10.620822
-266.47357,87.42076,5.900304,21.748978,3.3720403,21.643637,12.261705,11.371223,7.3417063,7.3057156,-1.3172476,12.961276,1.297919,2.95499,-4.4747963,8.194023,5.966937,8.931528,6.5796576,12.7750225
-262.39044,91.54091,-1.409796,19.329052,2.5266542,20.668772,14.483704,3.9268126,2.1217034,7.48361,-1.9573238,6.243247,-4.211631,7.894598,2.6124334,8.634937,4.1805773,8.3956375,4.280388,6.5672235
-258.98004,96.6523,0.12391013,16.396954,4.756368,18.993938,14.62174,-2.799088,-4.2895346,9.748142,2.368688,8.358694,-3.1344225,6.671179,9.0612545,8.746658,3.3308988,6.753536,-3.7730627,4.7754474
-258.5226,84.78801,-1.4069465,24.225266,-3.1341336,13.950074,10.895781,4.0852365,6.9641447,11.75247,-2.0976994,10.900388,-4.5724,3.9535203,10.513245,8.457293,4.198235,10.251854,-5.5361996,2.1692443
-263.0742,84.99094,7.952735,27.177593,-13.952135,9.42181,7.9021025,8.499113,6.5713806,4.3370647,-10.33753,11.038508,-6.091854,1.2749755,4.1903915,1.938036,-0.39162308,6.7773056,-7.6691704,-5.838788
-269.17392,89.15947,10.106399,26.703712,-0.7298559,21.082018,12.646582,1.9435899,5.318576,5.929264,-10.413061,2.218974,-9.122782,1.9287355,6.8744025,6.1179085,0.52437603,4.9923663,-9.115301,-2.5853286
-269.48404,92.48899,5.638819,24.337677,1.2220827,18.101292,10.63633,-1.9440143,-1.4596806,3.305163,-1.0468869,7.946025,-1.9719907,1.1801171,2.1769128,-0.72305363,-2.8989563,3.9498107,-6.1898384,5.997828
-272.41714,87.5376,5.331216,27.45208,1.0979741,13.853216,2.6270924,-5.941847,-7.1588316,2.3776631,4.6282277,14.749895,-0.75584507,2.8570442,3.7466056,-1.6495719,-7.84789,5.158579,-1.7089307,7.856655
-280.68713,93.39823,10.004005,26.25438,3.4755735,17.011396,4.046797,-2.3177247,-6.906205,1.0918393,-5.6638775,-1.3857012,-8.307116,0.2133044,-2.4334247,-3.2826238,-8.767768,5.9794507,-2.5755634,3.5584583
-278.29303,94.12655,11.233471,23.575975,0.023257732,15.471659,5.1800904,3.883329,-1.5523807,5.825575,-0.69293404,7.512739,-1.3583404,4.20615,4.270728,3.8447802,-0.34974644,3.1814404,-4.000022,4.312102
-271.1136,90.61527,8.554624,21.857502,1.6424859,13.50577,-0.94129956,7.5794797,5.7494736,8.023655,4.882235,13.993866,1.2373457,9.551262,8.524224,3.9821007,-0.062465727,0.3716066,-9.373594,6.0331755
-267.76495,89.70969,6.280055,25.52507,6.601042,19.436789,-0.253493,8.645093,7.4696207,-1.8305221,-0.16137469,10.664539,8.328087,9.924436,4.1283336,6.4479904,0.8837972,-2.2096345,-14.016357,0.54656017
-270.49725,80.36452,5.2194967,28.930191,8.126509,24.117025,-3.703797,6.7257886,8.836287,-2.676978,4.5178223,7.5539465,7.2949553,8.50321,-7.139972,0.16742444,1.8313732,3.516274,-6.083169,-3.4226484
-270.7678,76.98748,2.3128257,23.960262,5.4015365,25.196123,-4.257595,6.461378,3.2518246,-9.900316,-1.16991,1.0686171,-3.872949,2.5464003,-6.3836207,7.7422075,3.777017,7.775609,2.93759,-3.2827373
-264.26645,79.917435,5.6422815,19.83575,1.3399031,28.508558,0.76371074,9.09199,4.6064963,-5.700369,9.12566,9.865374,2.0833826,4.4920244,-2.2695894,12.850933,4.0362186,6.24446,5.9319897,-4.4160104
-252.01175,76.2346,3.3704,21.52055,-3.6736243,18.858967,-3.0652213,6.623662,6.3956747,1.8654515,17.252293,6.2142215,2.4766006,8.079233,-7.8291783,8.968192,8.128695,3.7301073,4.4494295,-8.575184
-235.38347,77.104774,-6.580099,26.424448,1.6321008,18.384048,0.22946301,8.570132,5.1465816,4.6835346,10.005956,-3.4788735,-4.9045653,7.204628,-8.441673,1.7836366,1.9200727,-0.43198073,3.0807998,-7.4689054
-213.97787,64.46882,-20.919844,33.73576,12.322327,8.203814,-3.557173,12.936857,-2.597499,-4.6880283,8.757885,5.046856,-2.4144144,9.428347,-2.8200443,15.397001,5.66055,-5.7945027,4.2656336,-0.52246356
-200.23601,62.59321,-26.699848,28.835123,12.677463,9.870617,2.6374276,16.511303,-3.4034069,-9.287358,10.8004875,6.441921,0.3377831,12.701824,-5.336152,17.527205,2.2981806,-7.5877805,3.712842,-5.963669
-227.6413,69.80176,-7.7155447,22.69194,8.52062,29.433308,5.631347,-0.9717752,-0.094836354,-9.094722,17.769003,10.852583,-10.2078285,14.826917,-3.6384406,9.955746,4.5101547,-11.332856,1.5643358,-8.449384
-241.26009,76.56269,-2.6649363,14.415905,-1.1960083,25.22398,-2.7916093,-6.9882407,5.7249255,-10.022856,16.363945,14.372394,-15.09585,21.513203,-6.2643943,2.5824103,12.593084,-21.41145,5.1851406,1.7727066
-242.4099,82.31111,7.6510034,21.354069,-7.2852354,22.866325,-4.9110875,0.19664943,12.149143,-4.877715,16.005955,11.276444,-15.204149,16.78823,-8.771929,3.6162553,8.411712,-23.765461,9.521215,6.5212607
-246.0375,72.21921,3.6516848,32.17448,-9.318884,21.088161,-3.7684712,0.19245183,17.5908,-0.13752413,18.478035,19.349834,-9.105173,13.216063,-6.8647957,0.79636806,2.5762746,-16.399727,7.8203535,6.6013308
-187.85585,64.54375,-32.898514,27.374931,3.5041306,21.87214,6.4146776,14.154783,12.3987255,-1.7804539,15.261646,12.1229,-7.738021,9.601156,3.6596582,11.283218,-1.5864129,-15.14224,-3.089867,-5.2829533
-170.3938,53.85578,-36.073925,18.04946,6.9548535,22.023216,7.2553096,11.611974,10.376629,-0.47755855,10.152333,11.620777,-10.5215645,11.029559,6.0753846,11.067692,0.3129399,-11.221895,-4.2868576,-4.433982
-202.9561,56.475082,-17.279703,18.977386,1.5094684,28.875298,1.1344113,-1.2857649,16.628046,-2.2825708,7.393961,14.821001,-10.8958235,14.804718,-0.30462563,3.8770914,7.184469,-7.5782394,-3.0052633,-0.9071595
-218.17558,63.264027,-7.9381375,23.626095,-3.6902776,33.805477,4.391058,-6.136878,14.320845,-9.020739,6.0458536,12.354509,-10.177902,15.940531,-7.3380356,-1.4132657,4.2916923,-14.521381,2.9430788,3.8936334
-223.05469,60.497448,-2.4030533,26.378494,-12.157574,32.312065,1.7352352,-7.414693,8.81802,-14.841351,2.6237068,9.997916,-4.770606,18.821072,-6.8531466,-0.42090774,1.6197264,-12.460042,5.703113,3.3307967
-210.52455,48.138607,-7.51618,24.819107,-22.029068,36.033447,4.406498,-6.5308313,13.704585,-8.079786,4.000894,8.573694,-14.108475,19.876339,-0.0011396855,1.819844,8.89829,-4.3941045,4.648937,10.003653
-198.83618,41.04693,-14.457676,23.078175,-9.443064,36.01358,20.54448,2.1232004,12.330074,-10.644033,0.32160002,15.233227,-18.248302,9.683465,-4.9994745,1.8445394,15.147495,-6.6830797,5.96017,12.414505
-203.45341,46.242836,-9.03401,12.471637,-13.204533,27.411667,8.19533,-4.962658,8.711994,-15.92742,2.271394,12.414195,-13.595874,14.3819275,-5.008914,-3.1213226,7.764843,-16.000233,-1.2340516,4.08734
-210.03795,49.077248,-1.4522767,12.7718935,-17.412035,36.142487,5.54326,-10.792545,13.652022,-16.299185,-0.08897206,8.737337,-15.970514,21.545023,2.5269713,-7.494416,4.97377,-9.917589,0.6879875,0.4318974
-193.96773,40.923088,-0.9341963,13.560282,-22.509079,46.27478,2.5106,-18.655136,13.844754,-13.028395,-8.906187,12.675272,-23.91711,19.541895,4.408252,-15.571875,10.468573,7.427534,5.5233355,13.230834
-180.09747,47.01368,7.992774,20.623194,-22.665476,41.634182,2.2274892,-13.576296,19.797806,-12.136795,-4.8507996,19.064018,-22.73777,12.998462,2.779334,-18.564543,13.434761,6.6805525,4.532217,15.509898
-179.02531,59.97863,8.4549885,18.927488,-31.740452,32.91342,2.512273,-6.628173,17.515322,-19.366295,0.61370414,20.888605,-18.487934,13.109361,-0.118361354,-6.406284,18.458637,-2.1786132,5.658845,8.718336
-206.10095,66.68234,3.6468313,11.314924,-35.795105,25.37157,2.0051663,-6.4221296,4.837653,-20.758316,0.7911097,14.296064,-17.87825,14.08938,-6.295642,10.325674,22.582829,2.126667,13.875699,-0.82811224
-236.32545,74.1322,8.169394,25.949759,-29.71405,23.419868,1.2557642,-8.826575,9.066507,-12.390719,8.457035,14.6261425,-16.715109,10.635363,-10.9563675,-0.016597651,22.15015,4.33295,11.193306,-0.9025309
-239.83434,62.83949,0.6741128,48.473396,-39.506626,22.620766,9.527141,-25.170774,9.549113,6.2113743,-2.9360132,20.61829,2.7312133,1.7342738,-3.128821,-0.06193453,-4.5814195,6.1104736,9.915298,-7.2130575
-224.84291,50.181767,3.7791028,71.87799,-55.53733,36.149292,18.393826,-36.39128,19.553371,5.4330616,-16.021883,23.994022,2.9996204,2.0896516,5.2407885,-3.6763647,-7.0319858,3.0041003,6.8450565,-3.2916741
-222.99707,48.693512,0.05501592,66.72746,-58.65684,40.550407,11.139879,-40.20609,23.224318,-5.411016,-13.95011,21.596012,-8.858734,7.1247454,4.424297,4.497489,1.7106434,7.3554893,7.4426928,-9.131765
-235.29707,58.829678,-2.7422934,52.6273,-45.050846,39.074818,10.829029,-31.385948,18.08458,-11.19136,-6.365843,10.245604,-18.87125,7.0231957,-5.732583,4.7349415,2.066856,0.39134538,7.737457,-13.292685
-238.95152,68.89462,1.6600189,45.912262,-38.039356,27.213928,5.0922456,-17.492126,20.182302,-6.6820097,-4.30163,6.9708767,-18.69027,7.9265785,-3.8232923,3.5432425,-4.1047735,-4.1875057,11.786701,-5.711919
-197.4775,92.5242,-14.053173,41.86181,-20.215656,31.165127,12.728903,-19.060349,8.535713,5.8600035,-5.2167954,2.4651043,-10.578081,9.911379,-4.7727175,16.31984,1.392029,-8.062658,11.261149,-2.861955
-176.26202,77.41454,-26.663519,60.75583,-28.096802,43.91501,32.6949,-41.98427,14.200578,15.593063,-17.19133,14.848505,-8.188835,3.6753404,-3.5916123,10.396976,-0.23923762,-10.8761215,9.122433,-1.3288262
-202.1387,51.843395,-13.52162,71.4673,-42.160957,39.532127,33.599045,-44.7837,21.63993,6.4875975,-13.269323,16.535942,-8.990595,9.153021,-3.029744,6.6198606,2.7764866,-14.063429,13.814632,0.7054605
-229.7358,46.46311,-1.7043006,69.71582,-41.75746,29.982506,26.377733,-26.933258,26.120277,0.14855063,-2.2025483,17.888565,-12.702325,11.51347,-5.7111764,5.7254915,3.1692693,-19.450768,14.098412,2.6038184
-233.19423,62.031624,-2.0223775,61.706505,-33.05832,31.304623,21.929132,-22.09101,17.47865,1.7611084,-2.5010223,16.788715,-14.642063,11.492144,-9.540909,8.0620365,8.432688,-9.8847,13.583555,5.7788424
-235.79709,67.084526,-1.5143218,60.109024,-33.42119,26.749496,24.395912,-18.49092,15.275689,5.3743935,-8.117468,9.835455,-4.850259,3.3342094,-13.479842,10.864854,4.5990767,-8.857231,20.78305,3.9309945
-231.24411,48.80796,-0.6170448,74.97099,-56.747578,25.339684,25.335876,-39.805107,29.268555,18.614069,-27.778053,18.193966,6.004628,-5.330725,-6.359458,7.643618,1.2782148,-14.735529,19.640411,8.556283
-231.06079,46.641163,19.239006,70.36969,-61.634468,42.22736,27.285858,-58.31308,40.747826,17.10723,-30.285397,18.594906,9.45083,-1.2192914,-13.495213,10.095134,4.809886,-25.41788,21.814291,11.379062
-224.88658,41.50492,7.2020874,65.43538,-52.79865,36.999878,14.21554,-40.588734,35.92679,0.30514264,-4.0435033,14.485281,-4.100894,3.756168,-12.048546,6.801978,8.701221,-10.044985,23.267025,6.7404385
-233.12366,45.80581,-3.014563,67.35315,-39.22852,33.219215,12.603954,-26.527758,27.345623,-1.8821347,1.8071446,11.458731,-11.909574,7.7272882,-14.479768,3.938006,4.4605217,-6.1394563,22.324402,4.991603
-236.08888,47.209473,-9.778324,72.87842,-34.844776,27.209446,22.906193,-21.17622,19.93935,2.25891,-11.31546,5.7710204,-2.1863382,5.2018003,-21.339657,-4.4036684,-4.216396,-14.908808,16.321354,-4.0826774
-221.31721,40.399197,-8.834101,83.5414,-52.434204,26.208626,39.267677,-32.73184,27.5612,12.074648,-24.058914,13.648067,-4.352436,-4.258894,-15.2128315,-10.060751,-0.75973743,-9.901411,13.305597,-5.676704
-220.5452,37.229645,-1.5756013,77.153915,-56.688515,31.730286,38.310432,-39.923145,34.67296,1.9686902,-26.454014,21.482285,-10.016047,5.726348,-3.3493142,-0.674917,12.373478,-7.0667906,24.545826,-9.5649185
-233.09483,47.580612,4.890793,67.29638,-48.156734,31.079441,26.114712,-41.456867,36.20927,-10.499134,-18.74056,31.285553,-15.050184,8.552294,-1.4510502,6.7628345,9.427134,-17.633245,25.371437,-6.829674
-240.30049,55.146896,1.5183089,64.41576,-44.89471,23.954853,19.994389,-30.732468,26.797407,-8.721281,-10.580515,26.477098,-14.342336,14.028436,-5.1590085,1.9637802,5.3458605,-19.895424,15.210621,-7.8714757
-238.93948,60.079983,-0.75485325,73.851204,-39.939407,13.54437,21.998089,-24.686544,11.726799,2.1791954,-10.860222,15.056874,-4.164378,13.689312,-15.714619,13.078312,14.067924,-13.803421,15.952051,-7.0782223
-220.36256,49.665215,-7.80729,84.74426,-47.362236,20.032362,38.488266,-40.693443,18.52073,14.741611,-23.182997,24.074596,0.34088552,-0.06617409,-3.55636,11.015977,8.047513,-16.071478,19.347443,6.3580546
-225.89154,39.557854,-5.7538996,84.98593,-47.215225,28.089745,33.57552,-54.15971,31.264637,13.023435,-20.883924,30.00594,-3.4601984,1.144469,-8.245393,5.531544,8.604397,-23.538082,25.885958,-0.03940162
-233.73659,43.64975,-0.3116063,82.26431,-33.16715,31.307388,31.78712,-48.59542,28.631853,-0.1889317,-14.951935,27.069641,-14.007723,14.226269,-13.084215,3.6790538,18.610802,-21.482964,22.685339,-2.7745366
-245.61945,51.081596,0.17432573,68.86714,-29.026861,35.80551,35.293507,-39.2179,20.51182,-3.8443828,-18.84319,24.333366,-10.927673,17.450586,-12.841579,3.2240474,18.937431,-18.391973,23.899197,7.9486217
-254.8908,52.606552,-3.6856384,61.867294,-33.305916,29.962112,40.240955,-37.41717,15.091837,11.661842,-24.0365,15.029947,1.883589,19.52366,-15.114962,12.264566,20.855234,-25.21313,12.429087,4.8640795
-239.17986,40.348614,-2.8164005,71.675156,-58.031876,25.37048,48.87768,-54.015182,21.585915,26.961117,-30.711548,16.002674,3.7356863,3.2830815,-15.135302,8.800653,16.852623,-26.997349,3.947569,3.8922987
-230.221,33.552658,0.37041754,68.26428,-65.40671,29.873554,42.901047,-63.85396,29.909893,6.7566767,-33.871273,14.140784,1.1567674,8.739371,-8.601089,9.854518,9.495417,-28.833874,14.7677765,3.2381704
-236.0186,41.312565,3.2723541,61.602783,-51.054596,30.706963,27.830395,-58.160435,44.837643,-1.5822722,-21.787188,26.693073,-10.167904,12.526259,0.31682348,15.4899645,6.589525,-27.772356,21.531395,8.031092
-234.23628,53.790104,3.6505098,52.378094,-49.836044,25.174862,21.2668,-44.165142,40.101852,1.1647632,-20.45121,26.536568,-17.38752,11.707394,-2.608685,11.909655,13.35452,-19.510538,24.9908,9.122854
-242.10747,63.698967,11.015497,56.48967,-42.921623,21.927563,21.649956,-35.13985,29.549562,6.086174,-29.479797,10.622276,-13.849518,8.86328,-16.023232,8.919344,10.47547,-29.231007,24.860252,0.41481504
-243.64018,48.579643,10.411842,69.73811,-58.885704,26.802074,36.685932,-59.180798,28.838823,24.376202,-48.65542,12.667126,5.8309026,-0.67405736,-12.435062,13.952648,9.345608,-32.07912,16.161024,4.748367
-232.23494,35.025322,5.122291,69.423035,-65.492325,33.79366,35.283066,-65.73294,44.10717,17.111673,-35.022285,21.969387,3.025375,-2.586709,-12.341954,13.712024,8.933108,-28.799477,23.19419,-1.8788453
-227.29732,35.143013,5.2391887,74.39445,-47.518295,36.861736,27.661148,-52.14662,46.555374,-4.8236103,-21.029474,23.728754,-11.003826,7.4610934,-12.328304,5.99796,13.742853,-18.206114,19.886112,-3.3934171
-230.23105,42.462708,-1.3942276,64.95886,-42.295364,32.373154,30.533005,-34.22502,36.422283,-13.808893,-17.772976,16.719467,-18.678486,12.039523,-14.017985,6.9959335,17.519001,-11.10762,24.125933,11.443359
-236.36671,54.211006,-5.4254227,59.421577,-40.014618,31.530647,26.186749,-31.337482,24.9146,-6.7226925,-8.226665,13.878407,-11.631774,15.885975,-14.656296,3.8696322,8.429954,-12.334566,25.310205,14.468873
-231.03397,46.0327,-9.784527,70.27609,-44.36496,17.553173,36.748062,-35.02726,15.805841,17.720888,-11.2488,0.582518,-5.579603,16.624683,-7.9759736,12.975527,13.766179,-12.658089,13.282532,5.9667263
-221.01532,34.66691,-5.884309,78.47664,-58.664577,15.209688,43.44275,-51.21747,25.766552,19.582941,-20.143112,4.940017,-5.0609126,10.493694,-10.457035,8.927676,15.820769,-15.870375,13.345736,1.527851
-233.6653,38.5892,11.744455,67.534225,-59.936676,24.64037,44.09147,-60.820175,42.21127,10.779751,-31.203167,16.611504,-2.1486812,15.382681,-16.277372,10.896877,23.696733,-35.498314,16.631596,10.923702
-234.60263,43.95652,17.421553,61.758064,-52.102707,26.958672,28.12323,-52.48633,41.155823,2.665641,-20.375967,17.748497,-8.536829,20.311615,-11.001179,12.689556,24.346521,-30.085064,9.949574,10.060454
-234.17741,49.855247,10.221645,62.10775,-44.01924,28.558487,21.465443,-34.423042,26.993694,-4.554522,-14.4645195,17.579346,-12.017519,15.659283,-8.582418,5.4849567,14.350569,-23.790373,3.8631754,5.518674
-241.82883,54.273075,5.0632534,69.412254,-35.582916,25.24458,21.04047,-20.568893,13.714325,1.8615129,-2.8569481,15.733057,-2.5136783,16.434658,-5.747024,10.699422,10.222504,-17.88901,9.46633,2.9517508
-227.25687,42.19358,-1.0422623,87.082054,-50.54786,21.272705,35.349937,-38.409306,12.572817,13.519891,-17.866842,25.727161,5.8043194,3.617674,2.12956,7.0422626,5.625113,-5.0665126,18.046299,13.854257
-217.15018,40.425262,0.8970437,84.49982,-55.363834,22.416285,40.445805,-47.58573,32.11579,12.335623,-21.874077,31.940071,-7.5364094,-0.007142447,-6.3767185,-1.6467603,9.960676,-13.66619,19.899479,11.330438
-224.18384,43.942253,2.321445,72.797325,-51.882603,12.106814,32.58534,-53.243397,38.25671,-0.024788916,-23.271175,32.654243,-27.22702,15.766925,3.4510412,-5.4665813,15.448225,-19.180092,12.897423,5.910087
-230.51721,43.041176,8.349018,73.37967,-48.12412,19.976044,24.190365,-43.2574,39.33069,-4.880831,-12.737675,27.27286,-22.899942,20.311668,-1.8354719,-7.872637,5.4322934,-15.034636,5.5730405,13.579563
-240.29184,50.565174,5.3266044,68.84483,-46.353615,23.287144,22.000668,-28.462843,33.801453,-0.44968835,-9.570345,17.947586,-20.606586,14.714571,-7.3912997,-5.8255134,3.4719868,-10.4878235,2.4980607,8.496948
-235.89655,52.284676,-4.525873,76.530174,-42.79599,4.1151876,24.381296,-27.365778,9.125815,9.355642,-16.22902,6.125181,-9.446938,9.460082,-8.824569,2.5471325,10.520386,-14.29875,0.08278385,8.614643
-217.86456,44.438732,-4.654743,88.94404,-52.36265,0.47043094,42.90445,-45.566635,13.871,21.849508,-37.277943,16.418623,-5.4883204,2.5786023,-0.7333219,-3.6416435,11.272541,-19.33741,-2.371923,10.909798
-207.11519,44.8929,9.675175,80.90762,-57.77217,22.21622,50.720367,-51.024265,34.659744,12.885909,-36.762825,23.925642,-2.9526424,7.3835216,-4.356248,2.8864431,15.57659,-17.599838,1.9692583,14.711882
-213.38063,32.191254,7.915017,77.22124,-48.74385,27.264439,33.41829,-46.366894,34.864674,-1.6999938,-22.75911,24.750706,-13.202815,20.114208,1.4380134,2.6809645,15.392128,-5.102388,1.8151419,20.929562
-226.80885,34.505386,6.2669287,77.16854,-37.761635,29.320206,20.701159,-45.4861,27.660595,1.6332875,-18.516264,27.907063,-18.259161,15.991289,-0.20201719,-1.6762648,12.503834,-6.4787416,-5.9159975,18.07285
-234.89285,56.162613,5.5067225,65.73555,-36.313385,24.967188,25.20124,-35.281815,25.999128,7.100233,-17.51035,28.730713,-14.3264065,12.63303,-4.071507,-0.5587481,16.586843,-11.575502,2.6427464,8.419928
-223.9306,58.50943,-12.283271,64.07797,-42.094795,12.295065,31.510265,-31.977955,6.14594,13.206562,-16.867887,9.704322,-4.831964,15.886778,-7.795519,1.9232044,14.497692,-15.866541,5.2865596,13.196724
-210.38747,33.75837,-10.214308,85.80077,-57.30085,14.271784,42.537907,-45.15248,6.3209934,20.335499,-32.407734,7.0431843,4.5565586,-0.8293214,-4.341984,-3.0293036,8.673651,-6.2021303,-6.9496565,12.688876
-218.60268,19.6577,-5.8352995,83.3194,-65.505554,22.731495,41.373405,-47.223442,20.938358,13.960887,-41.020653,22.236748,0.09171533,-3.7515469,-4.446886,-1.490282,5.174568,-3.3264794,-10.989681,17.782139
-218.97945,33.388454,-1.9013007,81.93615,-61.599518,24.855534,30.053495,-41.737106,26.275179,8.926331,-36.48851,37.20144,-17.020906,7.0469103,-0.35519505,-0.14867795,0.1645081,-0.25251603,-9.43202,23.370665
-224.04398,48.78888,-0.6051383,81.84607,-48.307045,19.870827,29.435066,-35.36612,25.82508,9.787624,-34.619717,37.73498,-23.4058,12.144549,8.797467,-3.6031938,1.7176166,1.3636298,-7.6715364,20.040836
-236.95811,56.142387,-4.022369,71.408066,-35.525566,25.125244,32.01709,-30.148584,26.158504,13.74192,-29.166245,32.27896,-11.165377,9.669684,7.1420026,-7.9886837,2.5649474,-3.3546872,-8.616991,8.20548
-238.45535,63.918633,-6.650382,70.88898,-34.53115,10.2687235,31.446957,-25.236198,10.59392,18.165987,-16.024399,21.025536,2.7504556,15.206511,2.4838798,-5.2801275,15.542284,-3.036457,-2.6600013,16.51062
-216.02597,51.16818,-9.029607,83.43521,-48.51506,3.6063814,47.909462,-35.864803,5.312766,33.715717,-21.026018,14.888613,13.439865,1.4169778,11.0831375,-1.7232721,10.322649,2.7254739,3.3660073,19.937538
-206.9048,31.118576,5.339574,89.757095,-61.74595,10.928068,48.439415,-46.034153,22.332378,29.791769,-37.792442,10.999393,-1.6491344,-0.66718113,5.176198,-2.8927312,-0.82266504,0.91988367,-9.316372,14.3778305
-219.30322,23.847279,16.378624,80.8273,-59.873676,19.581146,39.993805,-45.140465,34.734474,20.56512,-39.438225,29.260363,-13.332549,0.38345504,-7.068162,-0.87830156,-2.484859,-3.012753,-19.43098,9.712149
-229.95963,38.908264,12.1756,79.09737,-51.090164,16.151096,32.185555,-43.758064,23.89243,12.049319,-41.012897,39.444397,-16.139841,-5.3046894,-6.0143647,-4.272356,-1.845891,-2.4251993,-14.462418,15.492559
-238.88297,56.26805,-4.2198873,78.03407,-40.239468,4.306834,22.02016,-44.87181,11.248981,20.100761,-35.452484,36.260464,-13.060276,-5.333012,4.0220327,-12.103786,-4.7422485,9.641518,-4.475957,14.456442
-243.63731,64.03126,-3.6924558,61.296272,-35.3301,8.091562,25.863163,-35.864807,9.631287,18.394375,-26.654293,25.959206,-10.504589,-5.7261157,9.042406,-13.44104,-5.2859006,5.478389,-5.8107657,7.8267264
-242.40657,65.17066,-3.960229,62.477654,-34.290703,6.044705,30.52856,-28.696964,-1.3689499,22.345543,-17.797155,12.382975,-6.2826166,3.1789994,2.2411032,-8.50994,5.7838907,-3.3058538,-7.376578,18.81007
-233.34312,49.926353,-9.382647,79.19847,-39.769318,5.575785,43.0462,-35.155704,-7.922145,36.299225,-28.699139,3.3054628,13.640094,-4.631069,2.0552564,9.627598,8.560274,-7.3329554,-9.908959,9.76439
-222.5427,38.916435,4.975286,72.405815,-55.790848,14.9660225,51.4504,-51.462265,5.3046646,54.79785,-51.33728,9.208782,22.519182,-14.894537,2.664876,10.235035,2.1106663,-2.334768,-7.3105607,12.784385
-220.10727,21.469383,18.531921,65.97116,-50.573975,19.227531,46.375496,-52.40663,9.493177,41.62712,-57.94967,20.197884,13.153959,-11.827187,3.9428806,4.0941725,-9.237226,2.7147887,-11.578598,15.893848
-228.76476,14.57934,21.0942,56.58673,-47.658943,22.015625,40.95337,-43.082184,17.058273,31.712704,-56.536037,17.705978,0.026892513,-6.290441,3.4620981,1.3685968,-1.9708105,12.250633,-17.064169,12.938917
-238.13145,37.633064,14.760961,59.311428,-41.59722,22.240463,41.812508,-47.584846,11.245035,36.693375,-55.979103,19.825787,0.17624319,-13.325371,-2.2660017,3.0548148,5.6872396,23.103737,-11.247534,11.16992
-243.09903,56.653957,1.4840612,64.62697,-36.29447,25.169668,42.463047,-35.172997,4.627651,30.399427,-48.37495,15.642971,4.521185,-9.032991,2.427603,-0.14912212,-2.7463937,8.209398,-12.846226,4.2287965
-250.38731,61.318882,-3.5566032,64.05775,-35.72197,13.612282,29.398804,-27.136946,6.4367113,25.093344,-31.916271,16.027477,3.3394725,-6.46039,9.065851,-1.7640549,-1.8162858,4.012786,-7.2393513,6.2470884
-247.76526,69.62013,-3.6027627,68.4583,-29.263996,0.88629484,34.291588,-19.556082,4.479736,24.665722,-19.483625,15.754465,7.3668966,-5.0148735,1.2964392,3.146443,9.308848,9.209424,-4.4434814,14.58961
-242.23111,72.71869,-6.7879877,72.57837,-23.175884,-3.2530475,38.641792,-18.487177,-4.116721,33.146484,-22.217041,-5.4955325,7.9155965,-5.2414393,-1.0350387,5.618594,7.2690654,0.52069724,-12.4382105,19.111565
-242.0622,51.784172,-7.446996,71.174194,-31.123093,-3.3479295,46.71647,-26.3927,-10.947887,54.127895,-37.038025,-20.638569,31.342718,-15.787823,-1.3183584,11.392495,6.132121,-4.15139,-7.8127456,18.490892
-238.39133,44.087013,-3.2281957,71.9929,-42.59895,6.39602,54.400955,-40.43839,-9.60391,63.32152,-48.04042,-9.791882,41.77027,-26.252083,-6.352847,5.68829,-3.5489955,-11.076059,-6.520795,10.801113
-232.53824,34.276226,7.1176143,64.30202,-43.380257,17.547127,61.80776,-42.527283,3.6822639,64.170074,-54.310738,10.097037,24.780148,-21.914234,-15.915664,1.879385,-14.190504,-5.8742695,-14.896893,6.443792
-235.94432,30.535727,21.703724,62.81206,-42.44947,20.490799,54.949722,-45.81614,6.085622,55.654358,-54.725014,17.631824,11.423975,-15.026438,-7.0866127,2.6653862,-5.3523903,5.512695,-20.136683,4.0040855
-248.6141,38.245125,18.505835,61.389378,-45.86171,21.04916,41.284946,-50.067482,4.3670015,49.28606,-54.840027,24.310566,18.273901,-20.579609,-3.2712314,13.898893,-3.180513,7.2524924,-12.421243,5.33441
-249.12721,53.591343,4.429039,59.789673,-44.586876,10.980051,37.92704,-32.88993,3.4788985,46.45578,-47.27774,9.420796,16.398123,-17.447823,-5.3037586,10.460066,-4.986781,6.7615337,-7.994389,2.5352898
-250.10356,64.10544,1.3665583,63.210472,-31.188297,2.3879018,31.947815,-24.97545,0.57431555,44.073856,-36.84454,4.64396,11.475048,-3.762439,8.453936,1.9044394,-14.337259,8.804678,-5.66875,4.715165
-252.33318,67.631744,-6.751443,54.88283,-31.6521,-2.208778,31.350292,-27.262516,-9.162037,28.684446,-32.66453,11.297067,13.3959465,-5.239224,7.8819375,4.5525103,-13.302645,10.399031,-0.5843595,6.499248
-253.6378,63.57486,-7.2203608,62.62111,-33.794342,-11.33382,33.33251,-23.95336,-15.32262,27.211409,-25.473083,2.2124288,13.290781,-5.374906,0.31520593,8.272905,-6.4577007,3.0928102,-5.7200003,9.302741
-247.26245,64.41996,-6.426733,68.0464,-31.005848,-8.891186,39.729618,-17.046232,-15.809179,29.227707,-16.998535,-6.294467,15.196805,-4.2791924,-1.6702807,10.379524,2.3177538,0.2944963,-15.24487,13.529116
-240.8533,50.16179,-16.58242,69.80758,-31.996437,-9.619737,48.596176,-11.483237,-19.773808,38.204643,-15.842608,-9.536142,29.148611,-9.139191,-2.2464926,16.466137,4.7018437,-8.034976,-5.086109,14.305228
-233.58075,43.30414,-18.223076,76.72876,-34.898304,-15.244206,51.604546,-13.653234,-23.70575,46.97467,-24.295675,-14.433134,26.34221,-34.451965,-6.969947,19.706001,1.3525107,-3.312047,9.559422,8.870684
-224.72517,42.60486,-9.451826,78.12245,-29.91047,-9.83956,55.909134,-23.399656,-21.527233,43.68475,-34.122517,-6.706073,26.45961,-32.439396,-3.7709303,15.593001,-8.790791,-7.506384,2.8479497,-4.450385
-230.98283,47.141476,-2.013203,70.34908,-39.084328,-8.095548,55.754166,-29.50208,-11.203281,39.69205,-40.629387,0.22536185,27.53217,-21.334549,-4.8116865,10.28361,-12.010216,-3.7319942,1.3966179,-4.4638467
-241.15376,49.190506,-4.6490817,64.956955,-39.67675,0.6932336,48.61517,-30.587734,-11.040935,35.59647,-49.09054,3.5982363,23.92963,-22.244345,-6.6149073,16.236376,-8.045265,3.2140436,9.462771,-0.5356734
-240.53807,54.187534,-1.1281499,69.87238,-32.537445,-1.2021487,34.74311,-33.60896,-14.000224,38.572365,-45.340088,3.5643485,21.34048,-21.709328,-2.647935,18.535398,-4.8180757,5.9454937,16.244602,-1.2394499
-246.1848,61.33145,-5.46095,66.199844,-28.80338,-1.7902114,35.99984,-17.834469,-13.336786,39.256744,-34.257248,-1.0881306,13.5924225,-20.332485,-4.502955,15.091171,-6.4768114,6.315867,8.720623,-2.8399436
-243.53268,73.62367,-6.1884675,59.776764,-27.592001,-4.3394995,35.618088,-11.10755,-8.482115,33.253418,-25.37269,3.416985,12.385654,-16.587135,-6.0807023,14.851823,-6.7286587,3.6393783,-2.0642948,-2.640345
-245.80452,77.466644,-9.021225,59.839703,-26.767263,-6.1463575,33.73503,-9.952005,0.32367402,30.336678,-26.280937,0.7969652,13.956562,-10.260946,0.2132076,17.15398,-5.6346407,1.2112818,-3.3921688,-0.31445378
-245.86192,68.920364,-20.647404,66.708084,-22.23927,-5.155614,39.852016,-7.1905537,-14.282401,38.359825,-14.09617,-8.950731,13.914732,-2.0611928,0.06558515,15.469702,1.7010386,-6.0848923,-10.778584,10.741265
-240.35439,64.2019,-20.13472,68.93537,-21.081806,0.26523995,43.446854,0.9561514,-23.628641,30.910986,-11.626819,-18.809746,9.6973715,-2.033529,-8.700098,3.7466931,2.797789,-6.1936054,-21.694912,8.676002
-243.40396,60.774002,-16.917816,67.90502,-19.844551,-3.9459705,42.109554,0.3471515,-28.491306,32.36685,-2.7508616,-14.878808,11.674908,-1.313236,-15.337282,-7.2730217,-3.0451694,2.6825793,-15.152518,13.852812
-237.73314,54.58493,-22.560322,66.874504,-21.066574,-22.093529,49.2325,-3.6916008,-37.256775,48.351242,-4.482127,-19.25436,24.813097,-6.8844357,-15.415388,-0.13143325,-2.0522408,5.309955,-4.361424,25.423649
-231.01062,46.825554,-17.378283,73.424965,-24.607368,-20.93066,52.8973,-7.4638658,-35.135445,49.46965,-12.446638,-25.360207,32.271835,-15.270386,-8.433096,15.129684,0.6061452,-0.6646663,7.7220693,16.146538
-230.91956,49.9556,-17.660378,73.69733,-25.695076,-14.000156,54.073223,-10.683948,-26.919785,49.60455,-18.808834,-23.039085,24.90495,-17.856792,-6.6630077,19.319483,-3.264124,-7.078893,9.061985,-1.1733804
-243.1144,55.12988,-15.701029,68.09847,-25.748272,-8.440594,54.75705,-15.535308,-23.154257,52.494007,-24.26982,-18.564713,22.68153,-13.819773,-4.8255186,18.025238,-10.607489,-6.1159186,12.160032,-1.673456
-246.52602,56.3226,-15.764555,66.76597,-30.394415,-5.171587,46.747234,-16.008213,-24.494705,40.757233,-32.06601,-11.668543,24.738934,-9.749662,-3.9925258,16.421364,-5.750107,-4.187423,18.428497,1.1066228
-250.2007,58.19654,-15.749037,62.050896,-33.42166,-13.2139635,37.418457,-8.50026,-24.605495,29.499186,-29.959633,-14.21586,16.270563,-11.418097,-10.278313,17.709244,-0.4481504,-4.6171923,8.881071,-3.785471
-253.95328,63.18919,-12.874306,58.94934,-27.290234,-16.342123,32.155964,-6.025531,-22.511005,30.708015,-22.725342,-13.833519,12.787685,-13.492407,-10.168674,17.610962,-4.355414,-2.7891362,4.398737,-1.2667994
-252.24985,70.95675,-12.781684,59.53894,-19.172123,-10.929747,30.613518,-10.103995,-23.568518,27.242458,-22.35,-11.759451,17.401669,-9.543449,-9.837484,12.246648,-7.0394654,1.5882472,8.3046665,-3.599589
-247.12381,69.48686,-11.621095,68.178734,-21.485569,-8.248495,33.53094,-10.723341,-24.166054,23.008747,-17.003887,-11.66752,12.914513,-5.8667116,-14.288635,10.847857,-7.9313693,-5.221796,6.391167,2.8043308
-224.95541,61.501984,-15.014321,83.067406,-16.395008,-15.152672,37.834732,4.852193,-32.62657,27.311062,1.8295196,-20.641106,12.910744,5.7705383,-18.45536,-0.55638456,-1.1734409,-1.354923,-8.6371975,14.881689
-221.63162,59.81733,-14.608688,81.767944,-4.8662777,-20.34441,34.475735,15.743061,-34.953255,24.21222,12.216578,-25.183258,14.304535,11.285452,-16.450064,-8.773573,-4.297101,9.521565,-13.875717,16.94259
-227.96593,62.447548,-15.218359,80.36934,-3.4880295,-22.043823,30.270731,19.394796,-32.985153,19.14433,8.952156,-25.018215,9.481774,18.905792,-12.1270275,-9.773349,-4.6013556,9.747982,-18.06592,7.451811
-224.29709,58.026306,-24.601452,74.40772,-11.006952,-24.433876,35.818542,16.18305,-45.367947,20.95325,4.934927,-33.285587,12.6012535,11.69585,-19.87181,5.9848175,8.120028,1.6364865,-14.054056,11.954659
-228.58441,51.79232,-22.589094,73.26793,-16.15828,-30.066074,37.699097,2.6777816,-46.935387,36.194725,5.0966783,-32.062614,23.066084,6.9937825,-11.29437,18.441368,9.0695915,-10.389411,-8.871372,12.834995
-230.94742,52.06098,-18.45029,75.96458,-20.11868,-24.03817,47.248184,-4.960328,-44.266327,39.12012,-2.4189072,-27.53471,26.471386,-3.8217523,-8.868787,14.334749,0.18551004,-13.556378,2.4124517,5.118141
-228.84576,59.438377,-12.903425,82.19438,-20.120369,-23.596676,41.67207,-8.420435,-29.266369,41.036415,-6.5159817,-22.092869,24.452377,-10.708363,-14.851706,10.164543,-1.1099715,-5.35023,13.382809,-1.334041
-238.4596,56.065033,-13.191636,78.82045,-18.193565,-19.780685,39.83161,-6.702902,-23.46458,39.46846,-4.9071684,-14.336108,25.508495,-7.5867863,-16.539352,11.277565,3.6232834,-3.210097,12.669294,-6.1566067
-254.812,57.785202,-6.2885914,73.440765,-14.05722,-13.574596,38.307583,-3.1240559,-28.719109,31.377113,-8.085744,-15.389805,18.847006,-0.8357309,-13.85277,8.612136,1.5398331,-5.7562656,8.433435,0.7492328
-257.74835,67.34946,-6.830946,65.86005,-14.006174,-17.491545,36.425728,0.097001076,-33.48393,25.903519,-4.229204,-9.971626,17.38218,-3.687957,-14.356232,10.496638,-2.925437,-11.617319,0.93998426,11.548853
-250.9271,71.951416,-7.568372,68.41616,-7.3229494,-13.928825,35.181778,3.0723722,-25.619362,31.80186,0.26434112,-9.014563,21.109158,0.29583085,-18.95791,6.989112,-6.4821944,-6.305008,4.2721906,6.232149
-247.3963,73.685356,-8.543317,67.38397,-12.997152,-10.789156,32.476105,-0.6319824,-19.295965,28.727823,-7.0921926,-11.749962,12.06664,1.7024436,-10.276308,10.32203,-0.29424882,-0.110637866,1.523099,1.3898432
-232.4015,57.773895,-19.725845,80.31265,-18.71271,-20.80465,37.42384,7.6755037,-31.800968,25.890327,-0.42667174,-25.702316,4.969987,2.0683656,-11.363449,8.065921,5.8021135,3.2504394,-17.68808,4.728607
-226.52202,54.0306,-19.764526,80.5692,-18.932606,-30.26968,27.742588,17.698868,-43.563194,18.472698,21.418823,-31.68531,4.375055,15.596856,-8.589688,3.5357044,1.1841025,19.57439,-17.68916,3.2624183
-232.30403,55.616318,-19.484255,72.66308,-12.38832,-26.757732,23.057837,21.822382,-39.220016,13.72959,22.100529,-28.170135,4.7735953,22.347717,-8.395832,1.444222,1.267416,21.187126,-18.327518,-7.8007917
-242.64807,55.199894,-18.11953,73.85827,-8.117691,-24.367706,23.277706,17.964607,-45.183258,7.0639877,16.195232,-31.208096,2.787722,24.107435,-16.352165,-7.6891947,2.5221477,14.681677,-19.557518,2.8846388
-240.54668,55.20202,-19.00871,79.06114,-10.2885895,-35.34368,32.762848,17.71263,-51.969948,4.9659157,10.268843,-33.646637,11.480747,17.869713,-26.5271,-8.120019,6.2750125,8.973656,-15.7835245,15.05171
-232.48286,60.756607,-14.507971,78.38878,-9.522209,-30.661697,42.273163,15.785835,-44.24865,22.042412,11.671791,-32.19336,25.302568,18.108654,-22.14764,5.2979765,12.881317,-2.3158188,-14.2147,11.485742
-228.7107,58.485367,-11.7582855,76.19328,-9.861945,-15.663191,45.146507,8.325054,-36.49906,34.78746,3.61788,-36.11048,23.373665,10.071114,-20.727047,11.674477,15.18354,-13.999975,-4.5076914,6.0726204
-229.47255,56.647823,-16.470503,75.39574,-9.117065,-11.532691,37.409622,6.6008205,-36.92295,30.17662,-3.4140382,-29.530544,19.954643,3.0307155,-20.194092,12.867515,10.501131,-17.172684,-0.7252767,2.139122
-236.17949,62.616425,-19.142498,66.19024,-7.196422,-15.561611,36.00694,8.584112,-31.523556,33.45597,-0.14305025,-28.3962,16.664692,7.307908,-9.913347,15.676168,8.496296,-12.733522,1.4156511,-1.6542007
-246.4174,63.69192,-19.627483,60.239517,-7.051556,-13.335686,28.574406,0.25655013,-34.278305,28.99437,1.7029364,-22.454063,15.298378,5.3966,-12.911821,4.60347,5.0828886,-5.163074,4.277099,-0.052548032
-250.69197,67.0418,-18.172909,60.597427,-7.5207024,-11.050772,32.151497,-1.7508826,-39.43402,23.03096,0.6657623,-16.316772,16.554367,9.179757,-13.174416,3.7972636,2.9922442,-1.8031313,0.5495516,4.7224765
-252.54268,70.541466,-11.759735,63.592026,-6.294248,-16.665726,30.107391,3.78091,-31.843668,23.807774,4.170144,-13.786359,14.588705,14.065435,-10.347561,11.054607,-0.9359712,-5.187564,1.698194,8.716022
-252.85728,72.0652,-11.551739,58.01571,-14.910732,-19.072208,24.715462,1.6391735,-20.23705,26.500477,2.2791853,-10.700673,14.777824,15.625168,-6.2509537,13.086669,-0.05012253,-4.2164917,-0.6354611,7.5407248
-230.2349,43.74996,-29.633415,69.3638,-27.028202,-23.32707,26.450644,7.2532854,-21.780048,24.685387,11.765739,-14.367577,11.421099,13.865972,0.91619325,-0.41694093,-6.594146,1.083274,-12.7141,6.9651423
-209.04616,36.41425,-34.426094,85.170975,-19.808987,-25.814259,15.632507,19.842802,-29.947353,3.0301836,24.26105,-24.479168,-5.284465,16.306347,6.0064797,-0.3687091,-9.986949,9.31414,-8.513218,-1.6048517
-218.73865,53.25566,-25.192646,87.23071,-2.0816026,-16.044315,14.933632,32.14536,-27.235535,-6.643811,33.128883,-22.380972,-17.639912,16.994076,2.2772627,2.1300125,-12.791662,10.722099,1.6935221,-8.615521
-235.43222,54.08661,-26.868668,77.944565,1.5266616,-20.723656,21.106358,37.206856,-31.473322,-1.7777855,35.658558,-15.089466,-25.29285,20.817575,3.5399983,-3.4768662,-19.637924,8.886145,7.951107,-17.016647
-236.62358,50.02011,-29.836056,79.44987,4.3485956,-31.392916,20.714104,34.485615,-40.87535,-1.3086189,38.15904,-18.98897,-17.700056,24.045238,-7.4906445,-7.949508,-13.333321,6.4132204,-1.9670761,-8.705849
-233.23814,56.549088,-24.292805,80.89151,7.662942,-30.334671,28.603401,31.619059,-44.40891,7.499278,34.010864,-22.775818,-5.632997,24.09852,-13.391699,1.9616417,-0.5644924,-0.56296206,-10.577547,9.558739
-233.98837,59.168106,-20.431889,79.72838,7.406682,-23.29367,33.385498,24.986025,-48.27736,18.405634,25.206806,-28.40604,1.7220086,17.973356,-12.78378,5.6389174,5.2134647,-3.1198761,-10.587803,12.703925
-230.19197,62.935177,-18.067677,69.97657,-5.5602236,-25.415936,34.84453,20.64695,-42.861557,25.234716,18.403542,-29.711811,11.07018,10.714836,-10.215864,2.4315405,6.824672,-2.6987274,1.8327165,15.4035225
-234.21446,67.376785,-15.045628,63.549366,-5.3607764,-24.75602,29.230549,14.374664,-36.25211,31.659943,15.84494,-23.117443,16.444687,9.030619,-8.542799,1.7246889,4.8176947,-8.451379,-1.6017537,11.7217655
-244.64038,64.867714,-13.341324,66.52181,-0.2977413,-20.91511,27.175323,18.139347,-30.861748,26.636467,8.127592,-24.647442,10.903264,11.171429,-10.46203,-2.3740063,-0.1784167,-7.827217,2.739361,11.618007
-244.73123,76.17395,-11.558866,58.228973,-0.49395406,-15.499094,26.33749,15.062628,-31.415344,21.463766,4.2566447,-21.71717,5.271571,11.8752575,-10.816393,-1.3221732,0.9099631,-9.295332,-1.123406,6.3467364
-252.30496,79.298386,-13.296997,60.64415,5.0206094,-14.316154,22.886219,11.82407,-30.107792,17.100039,10.317181,-13.718756,5.1251297,18.023045,-14.712898,-3.0934646,-4.0214844,-12.2881,-0.90746266,7.259761
-260.10947,74.06234,-15.110056,61.219353,5.322047,-11.26839,25.458889,10.142232,-33.046654,12.585381,21.062237,-12.142364,4.4257474,18.52364,-14.793098,-2.5046768,-3.7857451,-6.5774813,2.154416,13.2279625
-244.24704,66.87367,-16.183031,69.39749,-13.919943,-6.068347,35.712685,2.0428696,-21.811008,21.399343,7.7941885,-13.542839,0.44233313,1.4593287,-10.737362,-1.2563844,-4.259716,0.87678677,-0.39233083,9.002922
-212.74203,49.535088,-23.330158,88.083115,-17.798717,-13.323282,31.552021,17.928852,-28.150354,5.4811616,17.324984,-15.126661,0.9844419,6.167741,-2.5685365,-1.8085363,-6.941036,16.074034,-8.431948,0.4298984
-205.45049,42.34839,-35.118973,87.080185,-15.55497,-23.019928,14.006368,30.102798,-26.006727,-14.788563,32.68261,-8.893169,-9.459224,10.81485,1.6700783,4.9137325,-13.921091,13.848839,-0.7688839,-4.0503597
-212.63562,54.61373,-34.657913,75.10182,-8.59876,-27.58792,4.4168515,37.70098,-13.958441,-20.271225,29.24115,-2.0798926,-18.543465,8.391724,-0.4732908,5.083144,-11.461707,0.23408812,10.294488,0.95299
-230.29839,56.70005,-32.126205,69.83794,2.5270202,-23.78613,2.9971004,33.192417,-13.026882,-16.749367,20.485039,6.4819403,-20.370157,2.3931828,3.1782277,7.407759,-9.415329,1.1543097,15.888092,-3.4965
-238.49791,52.504887,-41.243633,68.35671,6.7063947,-31.707636,10.405687,39.37727,-15.908524,-15.622888,33.518723,2.6554484,-26.98457,7.9259214,11.194471,6.043604,-12.184757,12.790102,22.535236,-6.959493
-238.15277,56.49755,-38.76175,75.27194,2.1125376,-37.49128,17.33065,43.116173,-26.719028,-8.692287,47.117416,-2.563778,-23.568123,24.24392,6.3678923,-2.6972523,-8.945936,9.72123,3.577223,-6.3865447
-243.51054,59.13645,-28.588432,74.58688,-2.977693,-42.862812,18.474174,37.22929,-37.372177,2.2360482,40.370102,-12.236444,-23.885006,18.538963,-6.6032133,-12.411474,-4.7570143,7.986925,-7.2443395,5.8010654
-239.92337,63.286076,-25.409409,72.11591,3.7332737,-33.355644,29.095453,38.418026,-39.201866,4.962811,25.589447,-24.444141,-14.636496,20.39074,-9.639212,-5.879837,2.0806637,-4.245327,-4.3297744,18.561953
-243.76797,66.16774,-23.5903,63.623245,8.116969,-27.21594,28.665337,31.500595,-43.874012,8.555322,22.775438,-24.86552,-8.126258,16.155735,-7.858698,0.8577379,3.7877283,-8.784422,-0.93230623,18.549282
-251.98405,63.52823,-24.64466,61.598522,1.7159948,-30.073385,21.901867,24.640415,-38.617344,12.53581,24.475754,-20.469414,-9.69511,8.507074,-9.242565,2.3385413,-3.1531148,-11.765825,-1.1870177,17.613243
-258.2328,71.131836,-21.167992,64.0061,5.535485,-25.381474,9.9546385,19.298672,-32.60629,11.010795,23.906902,-7.518134,-3.6011906,9.211021,-6.6342936,3.6206398,6.2492533,1.1746283,-0.5702068,12.359956
-262.212,69.21098,-17.74022,64.660995,8.499617,-22.641766,4.944813,23.204329,-23.225014,8.366919,12.108324,-10.085592,-2.6719337,6.589102,-8.697259,1.2014161,6.3505993,-3.1186695,-5.910913,7.3156757
-265.06973,69.55951,-18.563953,52.716568,6.0632124,-19.198818,12.552534,24.137365,-25.328638,7.238599,4.1424117,-12.176921,-0.1120559,12.845762,-8.396339,-2.445867,0.1405003,-5.3375015,-2.602741,8.735032
-258.17978,73.21718,-21.123413,48.68824,-0.6702287,-16.316414,29.60838,30.475323,-20.756098,9.918061,6.1270485,-3.8489685,-0.30982906,8.387445,-12.58103,-7.620921,1.0312352,0.405019,-4.8145924,4.5758057
-236.49597,58.486378,-22.226217,71.88318,-18.093464,-10.412249,33.995506,10.906858,-22.461973,15.6145935,4.5030746,-4.5517244,6.6545563,-0.115846455,-13.403835,-9.984721,-2.2375393,8.040737,-6.97882,2.9177532
-199.37865,44.803677,-34.19741,91.06197,-18.142323,-16.73846,19.500576,18.31646,-21.02993,-4.42651,22.59576,-6.909967,-7.3867283,-0.3953959,-2.6956139,-2.315702,-9.734297,11.669243,-1.2445872,2.8779752
-201.85417,41.26506,-44.792145,85.59694,-12.469299,-17.874704,4.1587615,27.134552,-7.7698545,-22.388695,23.396172,4.6843157,-19.08271,1.7070775,4.426396,8.32924,-5.112116,3.0942528,4.1587086,15.557691
-226.14554,43.69893,-48.18067,76.24929,4.0677023,-11.065378,-1.7025548,22.661009,3.4672635,-15.33741,11.029501,14.041555,-19.524605,-0.4392445,0.12053549,5.0212975,-1.6988096,-5.9819517,2.907405,25.585728
-251.10262,46.006447,-37.335693,71.42641,12.699996,-8.523536,-3.7888055,18.912773,9.731321,-8.124666,0.3530978,14.8647175,-9.381424,0.67965746,3.7353716,9.099791,2.1293955,-12.175188,-3.0527754,26.165226
-248.4677,55.742374,-30.63184,67.18537,19.447384,-12.611187,-9.964226,26.554958,5.998954,-28.32025,-1.8221045,21.30302,-13.505611,-0.12868112,9.478708,5.8499527,-4.36111,-11.821316,5.226699,19.368874
-233.21315,64.74052,-32.352455,65.315674,20.175291,-28.073778,-12.60623,35.385895,-3.577578,-35.50183,7.5734463,18.756224,-25.51611,4.9584894,5.6412954,-4.8538074,-16.635824,-8.309037,4.640067,-2.2137392
-230.83855,71.590546,-38.630234,62.783173,16.405838,-33.346985,-3.6704392,42.942543,-11.16827,-27.01538,22.237411,10.246498,-24.615124,14.11355,6.6240196,-3.168314,-17.33192,6.7923923,5.846767,-5.9384856
-232.44394,74.62055,-35.52999,61.844723,13.016397,-31.271877,4.7021375,44.195488,-25.598951,-26.217283,20.459194,-2.826014,-22.123188,18.248375,2.1474266,-3.624081,-2.5615056,16.505865,-1.498886,2.7592926
-236.15245,80.23111,-23.153755,65.5343,10.246634,-28.697304,6.9312744,35.42914,-32.169712,-11.363807,22.110458,-9.658731,-20.280125,17.00552,-5.5134997,-5.994003,3.6393945,11.927347,-10.9642315,2.192585
-247.66823,75.15076,-26.18655,53.468277,8.937309,-21.832504,7.588608,33.57812,-28.921665,-9.664718,17.977146,-7.3215284,-17.81356,16.862879,-1.1769159,-3.828551,-0.8443597,7.4123516,-7.014462,9.418488
-254.07008,75.75956,-22.925278,45.56785,4.2962427,-21.798897,3.3866773,32.864716,-26.316755,-7.5499935,13.390551,-3.5282264,-13.411371,5.7123814,-0.77094764,0.64524055,-3.4629579,1.9620054,-6.8661613,7.3851347
-266.76163,72.63583,-23.648075,40.199677,7.5079494,-17.30173,4.805768,34.835625,-15.21525,-0.35257176,17.491995,-0.16197526,-13.438187,1.427995,-0.4255322,-0.13186455,-11.731676,-5.359769,-8.839212,3.760533
-267.1253,80.65368,-12.216679,37.842094,11.700443,-15.258258,6.2226663,35.44948,-7.971699,-4.696209,12.759143,0.9930712,-14.695734,2.9448094,0.7233431,-8.301897,-16.020021,-2.9969244,-7.7068734,6.8187675
-259.20346,74.500755,-9.610172,59.62464,6.2598395,-14.373407,13.863167,16.214256,-16.916222,0.15329385,2.3893127,5.008054,-3.5622368,-0.06855294,0.48505366,-4.007532,-18.832718,-1.352617,-3.4052398,6.5107822
-227.09651,47.855392,-23.613094,86.74971,-9.687389,-8.617977,24.215446,13.609372,-17.657772,5.295858,13.069707,-1.770647,-11.481817,-0.70200884,-3.53195,4.1824446,-17.619564,2.993106,-5.419944,-0.5555686
-200.61472,32.458286,-41.6094,91.24286,-12.111244,-16.252361,6.0746584,25.506805,4.2552977,-9.242455,11.988312,3.1443772,-18.36119,5.193531,-0.79388523,6.268386,-10.912758,0.56537956,-4.8829265,6.1564627
-203.05475,32.710968,-56.809853,76.79317,-4.070878,-13.403114,-11.220266,11.883353,20.41933,-6.6696987,0.6058822,14.49876,-6.943592,5.354071,-1.4482589,-3.0702076,-3.6224966,7.098546,-13.259876,0.21352035
-222.15077,49.1268,-42.34483,70.18274,3.021606,-4.4398527,-8.376301,-1.0760306,16.608316,7.4200306,-15.212267,8.511031,4.319042,10.226634,-1.145316,4.440713,2.3472173,8.282818,-13.141554,-9.914078
-241.77036,62.8882,-27.39075,60.040867,10.001461,0.5750913,-4.8357134,2.2970417,7.87515,10.519362,-14.241542,1.5293269,3.7671247,6.3293676,-6.6646857,0.33045548,-1.290988,11.911739,-1.9676301,-9.533862
-246.47382,65.10064,-32.23793,48.897926,14.145805,-0.17860058,-10.218798,-2.3765624,4.9684806,14.920517,-12.747387,1.1889421,11.39287,0.13476306,-7.5821104,1.8402596,4.593881,19.205936,-3.302477,-7.146528
-239.14348,76.00719,-33.100975,42.26677,13.285755,-4.5057707,-13.375748,3.9320402,11.742558,10.80881,-27.26674,4.4081693,12.114798,-7.134014,-7.521718,3.7451105,11.241327,15.9067545,-15.968887,0.9342406
-231.23082,78.49242,-37.561935,47.542942,18.620752,-4.45444,-14.098017,11.417393,19.515905,-4.584147,-31.97335,18.303326,0.7994041,-11.674837,-4.028726,5.7290497,7.457636,-0.8122275,-17.898294,11.579332
-237.36043,66.04373,-38.24923,62.91417,24.971289,-11.147522,-19.341248,23.732056,13.833933,-21.904137,-11.815479,30.598305,-11.962322,-11.185694,2.101592,5.7426043,-0.040748358,-0.03288734,-4.178236,5.650474
-240.61961,67.15518,-37.08213,61.83733,17.808224,-23.521225,-16.026106,35.897823,0.9983833,-32.44439,0.7626757,18.793789,-22.64708,-2.4514747,10.269026,-2.1797576,-13.2397,4.5337033,1.5459737,-7.457652
-242.91426,77.07708,-32.783554,51.753082,15.273001,-28.525576,-15.867327,35.6256,-7.883318,-30.197197,7.0737424,14.487474,-23.989069,-1.5144086,15.865273,0.9975551,-11.789498,4.3975654,2.1298707,-7.8094025
-246.99878,85.17141,-23.626436,50.221283,21.261356,-15.428301,-11.179714,32.530083,-4.013899,-23.768433,4.6724477,6.849206,-16.512259,0.4948188,12.1283045,0.32869682,-5.93517,11.551687,1.0492867,-11.981386
-260.00647,80.1848,-17.156372,45.14839,18.434044,-6.561231,-6.6033316,26.197002,-4.457556,-19.084974,0.23906392,4.0412817,-17.36979,5.114852,14.664971,-0.01241149,-5.5900583,13.505373,-1.1305314,-13.372263
-261.7331,87.1765,-14.361314,35.36574,5.5411663,-12.875551,-8.2963505,21.020575,-5.39983,-12.246969,0.82803833,-1.3805522,-19.00924,11.1786995,12.679134,3.0137439,-5.04568,4.76873,0.7685065,-0.41953918
-263.4368,89.687164,-11.770859,38.053932,0.15700808,-13.1043415,-3.975642,16.560093,-8.229028,-9.588552,-7.1823826,0.6421125,-10.867051,8.714801,11.044509,9.247414,-3.7824247,4.669422,8.3975935,5.7451773
-228.7988,66.50088,-21.862843,74.05154,-14.014682,-12.843401,5.4408283,6.4153147,-13.180996,-6.9204407,11.247843,4.8491488,-8.234865,6.486408,-4.841548,7.695305,-4.4179335,6.907808,-1.7259314,2.4061384
-198.75665,43.028427,-36.735245,93.20129,-17.797424,-5.518936,-5.1362286,8.644859,8.355076,-6.192083,11.475925,13.704115,-6.198856,6.3690367,-4.475388,-6.5374823,-3.3242207,12.058237,-4.309911,1.1411995
-185.58109,42.21644,-54.144203,81.52197,-13.302501,1.590846,-8.416597,-12.296795,3.3442597,2.814021,-4.275419,-0.5694071,-13.318694,1.3714311,-1.2494661,-7.503954,-8.302386,9.981412,-0.50608385,6.923959
-201.22705,52.414814,-50.67582,69.6942,-4.0481615,10.662756,9.620777,-14.061357,-15.950716,5.1608067,3.0718665,-6.2212563,-16.412611,3.4609828,2.2970934,-1.3833375,-1.3351349,4.2168913,-8.044946,8.9108925
-237.23972,50.472534,-37.29002,63.837616,-0.8506141,8.177969,19.375067,-3.2527685,-18.830778,4.119093,16.011814,8.185488,-19.58254,3.2768967,3.6930575,-2.6061256,-1.9553145,-0.16497177,-15.139074,6.6749086
-244.93092,61.097,-26.692852,57.877617,2.5198655,6.5619254,13.2983,-8.874735,-18.058372,9.515247,16.724457,-1.385827,-25.71616,7.903245,15.814756,4.406202,-2.695805,-4.6545286,-19.665432,9.315018
-245.25664,66.91291,-31.998024,45.829678,0.6862259,11.090931,4.360492,-16.9216,-17.76183,13.05218,13.13126,-9.214503,-25.555925,10.705929,8.495371,-2.4715893,-8.766578,-8.883396,-4.9664803,17.271366
-243.19011,72.66922,-31.226871,38.304398,7.7022853,8.428226,-3.0093422,-12.170399,-9.256523,21.226542,5.069644,-14.030719,-4.1634054,19.556587,3.8302975,-2.510919,-10.101124,-6.04132,10.43232,5.42684
-244.7743,74.40643,-30.038494,36.971123,11.710196,0.8648911,-7.574873,-11.804689,-3.5033357,24.509232,-6.7268677,-15.614067,4.835379,12.29393,-4.6819468,-5.7214565,-13.301494,1.9105889,2.131431,-15.256014
-247.34048,75.409996,-36.863644,36.166748,16.737862,1.7928281,-6.3801126,-10.946596,6.4488125,26.387785,-12.628929,-6.48996,13.888739,6.7237997,-14.50449,-9.14449,-12.147907,8.244762,-7.724843,-9.311869
-247.92159,81.074135,-29.486774,40.076935,14.357572,3.6702418,-8.754185,-6.7421412,16.874937,17.103523,-26.69553,7.853217,23.716454,1.9533011,-10.112498,0.7602447,-2.9901834,3.315707,-11.857534,7.751343
-255.6988,78.67171,-27.16301,37.988697,11.358517,-0.37253663,-14.401436,-3.3139472,17.727663,9.493514,-27.138693,9.287404,12.360729,1.3347657,-3.4479985,5.3672805,4.596092,5.280877,-11.755863,12.37875
-264.88043,77.69672,-23.992678,33.92336,19.162766,3.855629,-9.402672,2.4732409,11.994461,8.392693,-16.502853,3.2293863,2.7591078,6.232561,-0.7016214,3.1162076,2.3943253,0.836199,-15.431328,4.2930565
-271.72015,81.79532,-18.740318,26.667542,10.917036,5.229418,-7.814103,1.7836437,3.4953218,10.793875,-2.9080205,9.329152,4.409062,4.8380136,-2.6803968,0.8765012,-1.968931,3.860448,-7.6486626,-1.7237849
-255.66722,82.48665,-16.343319,37.84923,-9.61022,1.7959745,6.6193833,-5.0636063,-2.5060682,11.507093,-8.197763,0.5865538,5.812148,-1.0621413,-5.9559526,1.5622554,-6.7900343,10.245033,-3.195764,0.56593156
-213.51082,43.418804,-29.320309,83.58057,-28.941633,-7.0853796,8.773552,4.6861677,-0.6713755,-2.035346,1.9174913,-2.4584851,-5.009501,4.358877,-4.209174,-3.7596347,-8.361643,11.702876,-2.9967773,5.116788
-183.52382,24.53964,-44.834824,101.688705,-15.8313675,4.411269,-4.6590567,-3.1566138,6.329532,-3.2032793,-6.9004483,2.3175464,-5.595822,3.326681,1.8776428,-3.653174,-3.6700356,9.9337635,-11.411379,4.8912287
-175.89313,33.609978,-63.71942,81.4715,-19.57773,3.9674463,-0.72564167,-14.481505,-2.2990928,15.689285,-0.72638655,-0.4791436,-10.723854,-1.3067199,0.13739836,-1.9355001,-3.307838,5.7768593,-14.2066765,5.3641434
-198.75905,50.12973,-58.19165,66.6914,-15.512374,-0.41502127,12.631744,-2.9643402,-15.873019,10.541782,15.880043,2.5218391,-13.886898,2.339244,4.1996374,2.9495077,2.8940244,13.878691,-7.6842756,-0.16864508
-220.05501,62.038788,-41.0925,55.74019,-13.7197,1.7950432,19.826426,0.11916072,-25.120764,1.2543428,14.463287,6.2859926,-19.947077,-8.774168,5.1319065,2.0542638,1.7576668,12.000534,-12.024489,-1.0455949
-232.45213,61.360706,-28.844772,54.135017,-6.1586285,14.593266,14.260731,-14.592199,-28.966463,5.7960873,19.627117,0.44329593,-27.457638,-4.381006,7.6083984,-0.7058803,-4.5312767,-0.32561934,-15.455896,7.038128
-241.82654,67.58278,-23.580566,52.009453,-1.2442833,17.277094,6.5124707,-17.038513,-16.103777,15.070434,10.705966,-14.777914,-19.451958,8.761811,5.6504555,-0.46467304,-10.034889,-4.3154497,-0.6218472,18.304588
-244.47491,71.30652,-21.139084,46.453056,9.065282,15.107847,3.8337684,-10.779264,-4.9889584,23.510906,-2.0083587,-23.708843,-7.264247,16.08165,2.410403,1.3123834,-3.9459028,7.6152797,7.1021843,3.8969676
-248.62141,75.9503,-20.898266,44.031364,12.005487,15.540117,8.1990595,-7.4121,-6.9416323,19.725157,-10.982798,-17.695435,7.810661,17.056421,-3.1123414,-6.771029,-4.6628103,15.0762005,6.580052,-7.210266
-255.37288,82.03931,-23.352644,34.757042,11.259135,13.669412,3.02897,-3.433978,-4.537916,19.755026,-8.741783,-11.305702,4.087271,7.8477,-10.084339,-10.110262,-7.234977,11.717529,4.8152237,-2.3227706
-273.78372,80.247025,-15.742916,32.39316,11.521288,11.083025,0.34228504,-5.5422325,-7.008674,10.323107,-3.2616453,0.3188975,-2.3718266,5.4905663,-10.026064,-4.305511,-1.2018528,7.2271376,0.85543215,7.41233
-275.82968,80.25897,-6.035211,34.300606,4.9530993,12.120745,1.5665429,-1.5381913,-0.71104586,10.364063,-0.6647126,-4.8654275,-14.247463,5.5835295,-7.2187824,-1.5600508,0.86593986,4.5393643,-0.29232556,5.625162
-273.22916,82.4565,-1.6060338,36.70187,5.5268407,10.166539,6.272815,5.6772346,4.526225,15.041292,-2.507018,-11.850782,-15.820313,3.43813,-9.048544,-4.042108,-1.0598445,3.393556,2.7050006,3.6062868
-276.0618,85.47142,7.272354,37.730644,-3.0353417,1.4137491,-1.1175699,3.6609142,5.966549,15.177196,-1.9909639,-4.875251,-2.5267005,5.641007,-10.820682,-1.2030208,-1.5697076,1.3797281,-1.9863127,4.1951146
-277.71274,84.62586,2.0200064,33.412212,-1.6993691,8.830488,-0.29751983,-2.9633942,-5.0974064,8.778847,-1.762085,4.6897645,2.3133442,4.9303923,-9.5189705,-1.0677981,-3.0814528,2.9932418,0.49159196,1.6681633
-280.949,81.51467,-5.8996696,28.790592,-1.5586373,3.2464275,-0.37923077,1.9598098,-7.078249,8.368488,-1.5138364,-0.9417944,-2.9248018,-0.9034288,-14.069294,-1.3706329,-0.13468605,4.968363,1.654004,0.808058
-282.90387,85.02569,3.174001,36.246284,-0.5801966,2.870509,0.31710458,5.377042,-5.130975,4.907528,-0.7240672,0.51711273,-3.6386569,4.8561354,-7.7851634,4.749302,2.5102687,1.4888188,-3.7900639,-3.4489133
-274.5804,78.45032,-2.3111417,36.344467,-10.384851,13.241079,3.3420546,1.2403547,7.6635118,3.0616832,-6.709736,2.6299114,-6.224468,3.5102792,-4.5717874,2.07002,-1.2395673,1.5903594,-7.1197844,-7.318076
-253.07063,58.632946,-9.376083,42.412712,-25.365814,25.344257,3.9217477,1.4857689,13.568184,-1.908543,-6.795322,4.120573,-9.946196,1.2886636,5.1239195,-2.6685386,-4.8822937,4.4064484,-7.6333785,-4.6831055
-244.1005,42.46088,-3.5104976,58.52915,-29.917267,24.130718,-8.275,-12.347086,9.465026,-5.1099844,-11.707392,3.2964072,-10.830008,-1.1599118,11.607592,-2.8994102,-10.381453,2.7585068,-13.786934,6.0781016
-235.45935,35.088783,-4.91429,65.47479,-33.532707,29.751352,-5.2899294,-9.195269,14.49328,-2.2072399,-12.384457,-0.49389526,-11.8990345,-2.8276536,8.424656,-3.9114847,-8.060545,6.0089216,-11.037357,2.4851012
-224.226,35.33014,-3.6284232,63.397614,-40.040833,28.542713,-3.3459518,-2.6995137,17.498428,1.3820431,-9.423399,3.7123225,-7.2472434,-2.4372802,10.062149,6.403287,-4.151784,10.544962,-5.7169437,-0.5136631
-218.22324,34.633125,-2.405008,62.880272,-41.243977,23.686443,-11.414914,-7.241744,8.395767,-2.763805,-6.6842966,6.016136,-0.8484523,0.5488738,6.2959785,3.4200315,1.7979525,9.98892,-12.134588,-2.3786862
-220.48814,34.35264,3.897409,58.48248,-41.687744,22.858833,-16.09488,-11.83132,4.147616,-4.4002957,-5.8914967,7.55544,0.6410084,-1.2754829,4.29218,-4.2136455,-6.177757,7.935756,-13.51765,-3.537658
-224.80083,38.854782,6.2166386,57.77172,-41.046135,28.789236,-8.568063,-7.8658495,2.9893553,-1.0913516,-5.4447727,4.773105,1.9285202,2.541491,3.0389748,-11.906017,-10.29535,5.4801087,-8.488585,6.3924403
-222.09616,38.16153,1.0045204,59.836777,-37.90252,31.254602,-5.055967,-1.4018356,6.159251,-0.14488801,-7.67097,2.039126,-0.54252553,4.6371307,5.1202955,-6.6138983,-10.2340145,7.9484825,-1.4080411,9.762969
-221.86243,33.756516,-1.0652125,63.43627,-40.409042,31.932787,-5.7129555,-2.2923486,6.390192,-1.806668,-13.663631,6.1947627,2.3774323,5.6903424,7.079205,-6.949218,-9.27923,6.216709,-3.7733626,6.340094
-222.52368,32.34559,-5.3966327,59.25707,-40.515,29.245026,-2.7242546,1.8528502,10.189882,2.220517,-10.149101,0.3307441,-3.8524864,1.0941058,9.179668,-2.318378,0.25170848,5.970954,-13.380171,-1.6220455
-228.16545,26.2577,-7.66681,60.349876,-38.092903,34.820774,2.916031,2.1400986,15.225083,7.7045207,-6.8123016,-2.4423556,-2.3812866,-0.89677453,3.9712186,-8.165073,-4.1144443,9.310894,-9.684552,-0.152039
-221.99474,28.553402,-6.799068,59.847244,-43.904457,37.315445,3.7396603,-2.6380959,9.158411,5.3895173,-0.9531908,0.91027355,0.09143138,5.3290815,4.994937,-9.330408,-6.36259,4.879162,-15.169948,-3.1942003
-212.22495,32.160442,-3.8187604,59.905106,-39.8093,36.52567,-5.0729566,-6.3176613,3.938615,-6.144025,0.29256344,9.568869,0.83938456,8.718647,8.447304,-3.8887389,-2.7704933,5.7440896,-16.138695,5.6313643
-212.60962,37.371803,0.33889753,62.74933,-37.17344,42.750263,-5.2192454,-2.4016948,7.215589,-2.1109264,3.251504,7.837445,-1.8163481,6.226769,6.2776394,-5.079347,-2.1811037,8.558292,-5.576157,11.962217
-203.46523,44.174667,3.83531,64.99656,-38.70672,32.379917,-10.1328945,-4.931989,7.555584,-3.1951923,-2.269543,4.75722,-8.777502,-0.40642816,2.3100293,-7.382354,-4.334741,10.764938,-7.0185165,5.3213387
-207.8242,34.824566,0.7294409,64.98901,-35.689728,33.008133,-5.898284,-5.5635653,6.154476,-8.06735,-7.7538147,-0.61874723,-6.053917,1.2123458,10.335684,-2.5620313,-3.702026,10.421397,-3.083571,9.396622
-222.12492,20.419483,-4.889195,65.655624,-33.022438,36.66102,-8.2639885,-1.2836671,7.238058,-3.791044,-6.479272,4.0218053,-3.3056393,6.2210846,12.396879,-2.425876,1.8415481,7.6191444,-2.1251743,9.979284
-219.33624,20.502708,-5.327983,65.19883,-35.502926,33.062717,-10.443203,1.0286803,10.041973,-0.95829725,-3.5795815,8.230835,-0.93132085,2.5392518,12.121515,-5.646188,-2.8205156,6.084105,-9.993119,6.2063656
-211.45828,31.240263,-0.35643268,60.909477,-44.3582,31.158264,-8.410902,-6.3004656,7.0165386,0.5553348,-1.9604709,0.66329265,-4.652419,-5.2717047,8.955007,-0.043705344,-2.2871327,6.31732,-10.373529,7.9317164
-205.83682,32.52768,-1.5414462,64.727875,-43.019936,32.750004,-4.357373,-3.986318,6.4701056,-3.0368805,-3.9224813,2.356909,-6.792264,-2.228488,10.244483,2.058153,-3.02204,10.372043,-8.522233,10.247111
-208.9565,23.414429,2.0157046,67.89891,-38.39556,30.108784,-2.7878838,3.5035572,5.7619705,-6.713112,-7.161101,6.6174345,-8.362595,5.6043906,10.237856,-4.7679453,-1.5716406,12.422127,-0.905895,11.464177
-211.99509,20.15109,1.7806588,65.92192,-31.661142,33.03064,-8.808311,4.7344403,8.048636,-4.2306633,1.0895551,10.08802,-7.1629515,5.1296034,1.2307079,-11.812996,1.7805657,9.691347,-3.1536899,11.302397
-204.73744,25.28922,0.91274595,60.058495,-38.619797,36.106476,-5.655077,-2.5856843,3.2712812,1.0255456,6.024644,8.521905,-8.159866,5.3560295,2.8311462,-8.625087,-1.435421,5.9186873,-1.8537878,12.486299
-201.87935,23.45242,2.7760153,59.14386,-41.507584,34.055084,-7.7748823,-5.505018,2.2914433,-5.471676,-1.9436085,4.0662637,-7.4023995,2.1166494,6.5749207,2.140932,-2.2747383,-2.0021205,-9.990193,10.968933
-198.1048,22.460388,-1.3222244,64.19725,-33.17769,40.508804,-7.9534435,0.19258308,7.6634784,-10.788702,-6.6121297,4.095721,-3.6723607,-1.2808869,7.9320097,-0.7535085,-4.2850695,4.1715403,-7.6209517,12.752138
-195.9072,23.202093,-4.5097733,60.34153,-37.469933,37.144844,-7.442169,3.1596322,7.4038286,-8.067617,-3.2481246,8.366637,2.535561,4.0393496,2.509768,-7.4164753,-4.5439844,1.4756328,-13.194487,7.2281504
-198.0199,23.897163,-1.1525576,63.954975,-38.73729,29.241226,-13.021816,0.65249145,5.4414597,-6.95886,-4.10404,5.478119,-1.2511201,4.1456122,-0.12737964,-10.983572,-4.869279,0.69007427,-17.758005,2.7896655
-209.20932,15.319155,2.9982562,68.471756,-37.66016,30.526535,-12.684284,-0.950183,4.7635446,-5.3488803,-3.2159271,5.9685717,-8.805983,3.0778918,8.584349,-4.8932314,-3.426251,5.116234,-17.600838,6.3298492
-208.63625,14.722588,5.3526063,69.60477,-34.657433,33.558155,-9.311743,-5.793993,0.17469051,-6.8908787,-7.4581604,2.6609564,-12.124491,2.7720768,7.5354714,-0.78812814,-6.639285,5.9345074,-10.471291,12.774708
-203.57123,19.44294,4.332516,66.47524,-40.43881,35.998978,-6.40889,-4.0179043,5.7073383,-4.5201254,-2.748145,5.1048594,-10.207457,0.38974404,0.7811269,-3.2956543,-3.7310057,10.04502,-8.847563,14.968271
-201.49953,23.97211,7.099592,67.89992,-41.949142,32.239132,-7.403532,2.159349,11.719574,0.33271885,2.5303571,1.8616955,-7.4209046,3.7686968,4.165822,-6.8213444,-1.9405136,9.411573,-13.517622,6.881161
-203.16771,19.951366,7.188113,62.423084,-39.66217,30.844616,-11.454041,-3.1612022,3.435987,-1.9521974,0.91970134,3.3804655,-1.9442116,3.8514323,10.094311,-8.852478,0.6402336,11.729279,-11.772812,6.9636936
-203.63393,20.624222,7.8565283,63.304047,-33.69766,34.487625,-13.108788,0.3846236,1.7195672,-1.4767282,3.5378249,7.8408165,-5.409766,-0.8258858,11.492626,-3.793297,2.516333,7.5859876,-10.461371,8.483027
-207.13774,18.65419,8.6181345,67.12143,-35.005768,31.706099,-16.603342,0.82396984,6.187231,-0.8989536,4.0255876,6.7817354,-9.96997,-1.4058003,6.289384,-2.124641,3.132034,1.0273641,-18.45945,7.7148514
-207.73082,19.634005,9.2115135,65.36364,-46.145546,27.682266,-10.841123,3.8972242,7.0143147,-11.673336,-4.3148985,5.373042,-7.6554956,-5.942531,3.5984726,1.4148498,0.80168134,-5.2720714,-24.903702,9.189873
-208.81802,20.007605,9.09403,65.80151,-41.454895,32.901085,-8.6063595,3.2878232,-0.6362355,-13.867804,-0.2203508,17.18041,5.2852163,0.08307338,5.0189686,-4.1079087,-3.1669097,-3.1188855,-18.223843,13.589878
-210.59367,17.413418,1.3759736,60.960464,-35.82217,35.970055,-15.492552,3.0137916,-6.4856825,-9.033913,5.9456844,5.6447353,-1.1209531,4.2801065,7.3149986,-7.3983026,-2.552619,-0.278818,-8.883283,15.242529
-201.41797,16.316877,0.30785394,58.173935,-37.178356,32.980545,-17.096752,6.4636803,2.1125424,-4.8286037,-3.3693838,-5.5347333,-6.2684584,-0.6610309,12.220708,-1.7178117,-1.7373844,-0.28974146,-15.501329,9.812386
-198.70062,17.395224,5.893456,68.955696,-32.118843,37.91366,-11.4760685,8.010247,5.343362,-3.5468464,-2.9835749,4.8828263,-3.558095,-2.5337749,6.114652,1.2559401,-2.4526205,-0.9672158,-17.616602,6.1772027
-201.24611,20.650284,5.680884,68.641136,-29.477856,37.04717,-13.328118,11.400853,11.943102,2.0259109,-3.241748,1.6743994,-6.2938256,2.5727353,4.4368944,-1.3997107,-0.74320006,1.2483778,-14.658533,1.3356494
-202.04199,26.937304,8.193186,61.02491,-33.054688,37.188667,-16.456257,1.8909596,2.618946,-1.9311283,-5.3885336,5.260975,-6.6191754,1.5579612,6.572768,-1.1694694,3.8784695,5.168031,-15.129913,5.562187
-207.38635,22.436382,7.487055,55.20912,-40.755947,31.798325,-14.135554,-0.7897067,1.4499811,3.8964338,-8.742992,6.1739063,1.0900948,0.43989024,3.2837791,-3.2998912,1.8020352,2.6265066,-14.058955,10.486368
-207.62395,22.142384,13.93543,61.629982,-40.258057,29.142603,-11.262009,7.987034,9.960289,10.23201,-6.050847,0.5947773,-5.04076,-0.6725865,6.6244545,-7.3407702,-6.28469,7.7290134,-4.251376,10.870934
-204.07462,19.266315,10.723707,53.00628,-42.372643,25.82594,-18.293451,4.871895,8.179076,8.444874,-1.873939,2.287943,-6.6286173,4.943814,10.298458,-3.418575,1.8275875,8.586313,-7.961805,10.912049
-205.22441,16.797436,10.843424,53.280518,-35.844368,32.32659,-13.186041,3.6370018,8.790217,5.8808136,-5.752759,0.9554268,-8.904462,3.3656669,12.301003,-1.6119828,3.1529078,8.876378,-7.747802,13.430929
-208.98924,5.6829824,4.2803254,51.319992,-32.946606,29.54887,-11.758743,7.639464,5.7132845,3.8782926,-4.251876,10.069761,-11.366645,-0.1652714,9.818247,-0.035429597,4.7994485,8.357965,-5.6317387,10.331619
-197.40794,13.211338,8.649174,54.03018,-31.059189,28.746002,-9.653989,8.494429,-1.7114946,6.67589,-9.944244,12.098899,-12.475296,-3.6740065,8.353367,-4.3376627,-8.453022,0.07112932,-6.14295,7.763149
-200.48853,11.667048,16.350544,61.979073,-26.32069,29.199259,-11.965004,11.859699,0.8331516,3.6312065,-13.131262,12.262045,-11.626383,-3.442976,9.49537,-5.51402,-11.862946,-2.40355,-5.9102354,8.193849
-204.82802,11.781733,11.524788,56.206802,-27.084679,26.196674,-12.259566,7.849996,-1.1952766,-1.1582414,-14.003038,7.1671057,-15.848337,-3.0125172,11.015533,-0.043593824,-2.5286388,0.97311854,-4.2943645,10.288366
-207.85374,14.101189,5.0538974,48.251328,-24.581083,27.518467,-8.198412,6.020747,-6.156617,7.868704,-9.576346,9.987268,-10.551296,1.4705526,7.6711063,-7.579425,1.7857071,6.3698673,-5.7640276,10.361534
-223.29991,25.50474,12.319903,50.01355,-20.919975,28.436932,-8.301878,6.171018,-11.286367,7.5272927,-11.114084,7.7829123,-6.4610896,4.729617,8.552443,-11.4745035,0.6824595,4.3463645,-3.2062325,9.236604
-239.70302,51.40439,20.75191,41.33792,-22.16449,21.418573,-8.166988,10.296123,-11.038892,-0.72514176,-10.604868,4.8968124,-7.9038954,2.7876127,9.88859,-5.2912025,-1.2781044,0.5775752,-2.943614,4.9604974
-260.59207,59.855698,20.561474,38.088478,-19.500782,18.591457,-7.6323376,5.876253,-8.484179,-1.381561,-10.311529,3.0052328,-8.709337,6.710802,8.373911,3.94592,2.5615597,-4.26054,-12.01415,2.3235354
-273.46472,64.7281,11.439972,32.663002,-16.305223,18.696705,-4.4118557,5.095638,-7.0633087,2.4592388,-0.6947749,8.733181,-4.3968773,2.4675984,3.0653872,0.17882335,1.2708753,-0.26018295,-5.738851,2.9391742
-275.1282,77.882744,16.084427,26.499926,-14.698481,17.748974,-2.502273,13.962797,0.23032463,3.3602624,3.5491023,10.310947,-4.9540195,-0.29337776,0.73152596,1.8140405,6.686718,3.606669,-3.7404456,1.1257818
-279.52142,81.540344,13.426455,24.400717,-8.723264,19.650665,-6.130311,6.229484,-1.999968,4.364801,6.988447,6.204055,-5.2020173,-0.34026888,-0.70114326,6.3333716,6.0637074,4.875221,-4.1857724,4.647977
-278.91815,79.482544,12.004246,32.28229,-4.011328,23.23986,-3.9175048,1.477703,-4.124748,-5.5682077,3.9777584,11.498823,-4.0686874,5.2088776,1.6054887,11.518795,6.564643,6.728759,-0.6837128,10.954912
-283.47275,81.51329,14.584059,32.565205,-7.072181,13.149275,-1.3621905,4.788863,-2.4795065,-9.134398,-4.991927,4.8288302,-9.708566,-3.298359,-3.4524817,10.359032,6.947821,-0.09072018,-8.303038,7.2381926
-280.3141,85.65792,13.727177,35.394146,-1.6927114,10.038163,2.050601,2.7726026,-5.6810784,-5.563684,-10.237656,0.1564936,-4.308744,-2.7662354,-5.237656,9.277876,10.488412,2.2902565,-9.700391,5.448065
-279.27377,81.51549,7.160491,29.018646,-6.139518,12.876265,7.125783,8.967649,-1.460635,-6.1329627,-7.3171973,-0.25590503,1.1491222,12.378256,1.022259,7.432041,5.5520706,1.1757131,-10.312483,6.7956815
-281.2395,77.24565,2.7726445,24.602665,-9.296921,11.464409,10.160139,8.3918295,0.56450474,-0.48252276,-3.7048616,9.951637,0.31457794,17.66708,5.0046473,3.7172084,7.8055634,3.0786366,-8.559445,3.5559492
-284.02936,83.76335,15.354544,34.133656,-4.4078894,12.564703,7.6826544,2.1748004,0.34849787,2.714608,-6.367542,10.383917,-7.13916,10.578077,1.6319324,2.0827737,7.8018417,6.519565,-4.376809,0.13229859
-282.3008,90.12677,15.657492,34.603973,-2.6998193,10.950155,-4.2971435,-3.1569498,4.212759,4.977517,-5.4046197,8.042938,-5.6833143,11.459129,2.4056706,-1.1383668,5.744899,8.495395,-5.6519604,2.67144
-283.89496,82.111015,6.008342,25.044785,-6.281543,12.498253,-7.5851192,-1.2273588,-0.13555816,-0.3970735,-6.545555,6.07063,-10.657368,9.787675,6.7780523,0.67005056,10.441922,6.922711,-6.430099,5.168681
-285.34787,85.79644,10.476383,19.883879,-6.577538,15.452848,2.3643794,13.451699,10.483427,-0.49787062,0.6422912,6.5546217,-15.537049,-3.0663404,3.8179674,0.9220628,2.2040064,4.0445337,-12.595125,-3.8110604
-287.3386,89.59012,17.668465,27.034323,-6.007084,15.83496,1.5497854,11.534002,10.518408,-1.5002193,-7.0474353,5.937198,-13.514547,-3.8403177,1.6726698,0.5806293,-5.51435,5.781141,-1.2696735,3.3642385
-284.70743,87.8696,13.519424,28.976608,-8.2695675,10.266916,3.2979643,4.165111,1.5999866,-1.920882,-6.119379,11.370926,-4.3647127,3.813017,2.9889076,3.0699623,-1.8017902,2.23749,-5.022777,2.5807672
-275.30713,90.4772,6.3695393,20.360668,-7.389924,5.543853,0.9073691,5.3801537,2.231772,1.1848801,-4.733222,10.137085,-1.8842492,4.14973,0.9483361,-1.701657,-5.6353617,1.1973846,-1.6438792,7.041591
-274.0941,92.2275,12.011875,21.871227,-5.194646,13.820097,0.09521988,6.040234,3.749351,5.7042327,-10.539872,8.104752,-0.11141038,4.5358057,-2.8133068,-3.7753265,-6.688812,4.9994364,4.398746,7.688037
-276.1362,96.905914,16.46392,27.650679,-8.417089,13.609683,0.96698546,-1.5592623,-2.5419865,6.728296,-10.970557,5.374316,0.47598183,0.10858348,-0.14423096,5.2477403,0.59580934,3.166836,2.8659866,5.8814573
-280.36008,89.64275,8.3663025,26.559158,-7.120202,5.3818936,-3.2528849,-5.212114,-0.004640043,12.3940525,0.6444976,6.261501,-1.2648505,-0.67965573,2.3053777,6.8824315,-1.8190997,4.506697,0.87828755,12.006979
-282.63675,88.15175,6.994212,28.822716,-1.139989,4.998322,-4.8893156,2.2054102,6.1162715,13.011012,-2.9800296,6.565223,3.1660137,5.526005,3.2961721,7.1484504,-5.4452305,-1.1946537,-8.743141,7.7703986
-286.84186,87.02616,6.2036266,29.870514,2.3999689,8.642031,-6.841178,-1.8230376,-3.104896,0.41319072,-6.4467726,4.335041,2.4860015,3.7737708,5.912882,7.541315,-4.4231267,-0.32440233,-15.487387,-0.20941961
-285.47858,82.84416,0.8379965,24.560122,5.3534474,12.49825,-10.117532,-3.3216648,-2.3728552,1.4558614,-8.523006,-3.0562985,-4.432542,0.87467206,5.291539,-4.359911,-10.741493,-1.3310978,-12.142163,0.89712137
-283.90436,88.69902,7.3160324,26.19321,3.9693027,8.03802,-5.890167,3.405024,-0.24758399,3.6733732,-7.3613024,-0.5691969,-5.4800014,-1.8403239,3.6124184,0.9789468,-9.863508,3.4237406,-1.050156,4.3684635
-282.9374,93.77511,11.461905,25.25224,2.8722835,3.5974898,-3.3810813,3.3071556,-3.5580087,11.223707,-4.171302,5.916545,-2.2469642,-1.0365927,3.6025558,8.515597,-4.2983,3.7490752,-0.09065549,4.737899
-284.53638,90.727325,8.569067,23.338593,4.2084246,5.8852057,-2.8408313,-2.380343,-4.5946503,8.228535,-3.321278,5.5919538,-3.7199874,-2.4319715,-2.498997,5.2960954,-7.7987986,2.5684423,-1.4470254,5.425679
-285.19492,88.96031,14.185778,26.619453,3.915224,12.37477,-0.5082893,-3.9135015,-4.9330397,4.061283,-4.4861073,6.3373795,-1.9944422,-6.431033,-9.085349,4.439807,-0.92689085,15.213652,1.6374171,5.4020777
-288.77106,84.33921,11.435642,23.206787,0.961684,11.2383995,1.7604172,-0.9545643,-6.299403,8.13744,-3.0984683,7.8434806,3.6626024,0.9352139,-7.208831,-1.3099794,-2.3961382,14.158949,1.4823126,2.8854308
-289.9209,82.95675,9.186136,26.180367,2.5300882,12.0399685,-0.07411897,-3.8499072,-12.863894,-4.372406,-6.5720716,6.222966,-3.6789923,-2.8368266,-0.6288856,2.6536121,-5.2142506,8.153407,-0.79842204,4.259015
-291.64966,78.47684,3.4302819,22.878557,-2.7086947,7.9848213,-4.259989,-3.5651598,-10.8621025,-5.136039,-4.0699162,3.9039066,-3.8736968,3.5641546,3.4108737,4.8627434,-6.6089544,4.880665,-6.800802,6.4039483
-290.6193,82.00285,6.4997816,19.640354,-9.272943,6.6153407,-7.349837,-1.2373613,-7.743289,-2.6639318,-11.14341,-5.791521,-7.1518254,5.301049,2.0693133,-0.13979888,-9.350695,-3.0712295,-8.847771,-1.2279742
-282.9764,92.02098,7.8636045,20.838257,-2.8026326,11.682482,-1.8411175,1.19507,-1.7489989,2.2842216,-12.4866905,-4.336677,-10.656258,0.5510236,1.8535733,-2.8763845,-13.497564,-2.2720542,-7.5999317,0.863433
-281.8216,93.57256,5.5528517,18.458344,1.8902128,7.980276,-1.1504899,7.629101,1.3628564,5.2856855,-5.9021473,-1.6793011,-8.701595,-0.14829087,-0.94914937,3.4630861,-4.2663827,1.9907641,-7.0148444,4.0787067
-285.11954,92.5533,7.9935017,19.175184,-2.653313,4.5832434,-4.692392,11.1709585,3.7922175,3.5747676,-5.700197,-1.5307612,-4.0248766,0.8501293,-7.332445,-1.2574813,-1.5921066,6.5060053,2.227971,5.0636415
-281.78653,98.54439,12.085247,19.252611,-0.16421145,6.4778624,-2.6878078,12.183168,1.7691283,0.61966705,-6.545252,-3.9784975,-14.963667,-6.754644,-9.381599,0.2772089,-2.5610318,6.10667,1.0742466,1.4381143
-283.9996,93.9563,5.3723288,18.241167,0.19935447,8.119089,-0.5441889,11.266874,2.989743,5.7684193,-5.3920712,-6.36389,-15.231998,-5.884012,-5.7909756,2.2906547,-1.0650712,3.5535488,-8.532984,-2.1742194
-295.98404,89.4485,7.6695423,19.755224,-1.858918,8.754619,-1.2246292,20.472954,8.882965,6.3289776,-4.0052166,4.6985254,-3.0233235,3.0584931,-2.3410861,2.3944771,-2.3024683,-1.0471312,-9.763649,0.65894485
-296.33734,90.94383,11.120409,21.153538,5.8179326,14.7115965,-0.88965905,11.783285,-0.032664075,0.0024418533,-9.225855,6.1463547,-5.1158357,-0.06733447,0.43924665,3.5988946,-9.165829,-3.518741,-5.666486,1.4322368
-293.44174,97.868996,14.860998,20.499445,6.9092855,12.673269,-2.55263,2.168211,-6.4716425,-0.30401766,-3.5234334,7.607034,-4.186736,1.0059427,-6.437582,-1.3698952,-5.1087084,2.3060575,-3.1978035,2.7476513
-302.90256,91.1016,15.062441,17.962706,-0.25442633,9.281979,-4.4170065,-0.31535187,-4.551218,5.7674193,1.7667269,5.9840145,1.3233056,0.3621366,-6.097114,-4.5308533,3.1172745,10.29778,-8.829493,1.906309
-300.8341,82.44868,7.570717,14.369753,-1.1579914,8.599569,-8.6087055,-1.9575511,-2.8404903,11.244796,2.9480376,7.3826375,-1.0618352,1.6338487,2.9411094,12.169057,1.812736,-1.2176961,-14.107933,1.6073245
-295.72333,81.76633,7.1936097,20.493538,2.895355,11.810009,-7.9165125,0.785954,-2.552186,9.8903675,1.7069726,4.291424,-8.410511,0.7285201,2.9709363,11.825346,2.413753,-5.454561,-9.3377905,6.0934415
-288.41763,90.61629,13.755165,23.663872,4.4823866,16.157421,-7.1332273,6.847316,-1.657504,0.9465858,-6.513773,-1.8279953,-12.0546875,6.026022,-3.30975,1.2019315,-0.58862257,-3.98131,-4.280223,5.483883
-294.1679,86.97577,7.252749,18.539604,0.3755384,18.362488,-6.721432,5.8619175,-1.65998,0.6193691,-9.433088,-3.284643,-7.4424257,0.85463053,-10.994922,-4.4174423,2.0364985,5.9849424,-8.198138,-2.9153922
-302.16592,75.86728,0.5439482,18.929531,2.2426872,18.852047,-2.109487,11.649265,-1.4752994,4.2088494,-1.1892836,8.248479,3.2760913,5.9894485,-3.942033,-2.1414907,-3.2665474,4.721529,-7.478631,-6.096978
-296.59177,87.284,6.688878,23.992966,2.970142,11.434684,1.7695113,9.411374,-8.296501,-5.596113,-8.528599,1.6754624,-0.5096058,3.4296827,-6.3610682,-0.45464534,-3.0091171,2.303522,-0.9809408,-0.11681521
-293.17975,92.11551,11.442728,17.188152,-2.1679106,8.697431,0.15672898,11.525257,-1.2059156,-0.20908761,-5.8520365,0.95136225,-5.2447877,-1.8154671,-7.021321,5.2044034,-0.14586449,3.3252857,-2.2023768,7.999177
-290.55057,90.545815,8.134245,13.040627,-4.8980317,3.585601,-8.126505,6.4181957,-4.2355533,2.767253,-2.5646315,9.110792,-0.050435185,0.040809005,-5.25898,2.8739915,1.4812849,2.3009079,-7.4185634,8.042103
-286.67447,88.157005,5.8690434,10.989312,-9.088584,7.4727244,-3.9880447,5.2707667,-6.100212,5.8129225,3.3645737,13.120432,3.9459343,3.9013193,-2.414116,4.706299,-2.8146234,-2.4244232,-4.709193,5.7430086
-283.89133,90.40898,6.264009,11.993687,-3.89336,12.006889,-3.079308,1.4696076,-10.09283,1.7612126,0.5390042,4.945136,3.2700882,5.35019,-1.5729913,2.8207798,-6.56602,-1.476729,-4.9507227,-0.9672147
-285.91333,92.0527,6.3766956,12.743804,2.2753067,13.88981,-0.6128928,1.0904554,-15.04133,-3.5780501,-8.870493,2.178441,-0.12242478,4.4099593,-0.5103761,1.1723722,-5.6783733,6.940914,2.7707825,2.2734857
-290.9855,89.3914,16.947128,24.228294,3.0804224,12.020634,1.5335656,7.0863814,-4.8768005,1.395844,-5.1688905,9.018738,1.3664248,3.8315885,-6.857272,-4.209611,-4.342842,10.191191,1.9456095,1.7330532
-291.37427,91.496124,24.871185,33.526978,0.03367871,10.010962,-1.0390059,9.971945,-2.1095688,2.5436888,-4.2409997,8.421117,1.8741505,3.5884643,-3.7416077,-0.52954304,-1.8369379,10.928059,5.6704307,6.001303
-294.39798,90.79179,13.368448,26.43892,0.013930827,11.24958,-0.19123302,6.466225,-4.1849356,0.63788223,-4.728448,0.46647078,-2.549891,0.28854793,-4.108117,0.7610066,-0.13698977,6.8010597,7.0790577,8.487717
-287.6783,94.87722,13.87578,21.997952,2.0507724,6.442643,-1.4082708,1.5495038,-7.8218837,-0.8801364,3.1699252,6.3829474,-7.185377,5.954075,-1.9677254,-5.7066336,-6.0541973,1.6641691,-2.0026288,5.7422066
-291.80057,91.47298,15.535877,25.204273,7.4615865,3.6643758,-5.77489,1.7164931,-4.574163,6.247543,2.10781,1.3804924,-9.169338,2.1555443,-2.6635902,-3.9512634,-8.848077,4.7658257,-5.266466,-1.5089278
-292.0406,87.18297,10.388694,22.872597,-1.5302377,10.742279,2.9199898,-0.9426685,-6.6144533,8.865697,-6.4835234,1.508856,1.6292944,4.7148585,0.60133326,5.2074347,-9.089096,-1.7975965,-1.8485093,-3.3380213
-290.15417,82.98355,5.894944,25.709566,-7.6295457,8.951845,6.9887033,1.5051855,-6.1486034,8.63097,-1.4429059,-0.34666765,9.667776,10.079935,-1.7261802,7.8537683,-6.3128386,-2.871706,3.9843912,4.8696346
-290.2011,83.257,3.8762624,33.696518,-0.5589909,3.6794872,7.954776,3.5926132,-10.882658,9.798531,6.944489,1.4883778,7.2341547,12.064404,-7.3593082,-2.9519956,-2.4182227,4.72614,6.8476305,10.171988
-290.9204,84.026306,3.7338357,27.283136,4.3141985,5.916293,9.793363,2.1777425,-14.64736,-2.5742657,1.3827238,2.97245,-0.79713917,7.4369082,-8.160641,-6.41917,-6.567665,3.2651417,2.6685038,11.716338
-289.0024,94.695404,15.485043,25.564896,2.4419944,8.2856655,0.1743666,8.828447,-1.1471832,-5.2035723,-1.793032,11.356163,4.7619658,11.513947,-5.5488253,-8.82685,-9.025711,4.1611614,-3.5040746,6.2169228
-287.13974,94.79159,8.303006,21.353733,-1.3733977,4.9018164,-1.8865485,16.677307,1.9598612,-3.1655238,-0.5762077,9.725588,-1.271161,4.7759857,-0.24098366,-1.4968519,-2.2101793,6.247935,-3.0049214,2.6626096
-284.52414,92.644424,8.994965,25.763144,4.23612,9.258519,0.18586195,10.241648,-0.6235567,-5.7961144,-4.9093657,-0.46282205,-9.152342,0.4868283,-0.24214384,1.9914101,-1.2764158,7.7662115,-4.0793414,-2.9254928
-285.11673,95.20001,16.171753,27.128162,7.0019107,12.658473,-6.876276,-2.2285414,-2.1849823,-1.3810256,-6.1690016,2.4567327,-4.153618,5.490673,1.584825,1.0092814,-7.1894064,3.9769492,-6.4556766,-1.6764827
-288.12756,93.31476,9.92064,17.491398,-0.4983464,14.973003,-2.5213134,2.3944159,-4.477871,-0.8892101,-6.8933406,5.04827,-3.2363832,6.502223,4.685032,3.807291,-3.7076285,4.24957,-5.454422,3.4831107
-289.69418,88.21878,5.001878,7.401988,-9.48554,10.808331,3.5244997,7.141344,-2.626048,-3.024321,-12.274679,8.116926,2.3889503,7.77365,4.542157,7.9896297,2.8793597,8.681744,4.420646,11.480118
-290.7007,91.19354,14.722002,15.172558,-11.964039,12.379848,5.0183907,8.964619,-0.2861382,2.0838833,-7.640995,9.093987,0.8755541,6.976082,0.39382315,2.7371504,-3.062752,7.2482986,4.8648596,8.768245
-286.7625,92.80094,8.618483,17.289078,-4.117957,12.939045,0.28932232,6.2728777,-6.4346104,-0.6909467,-5.9571624,-1.1225977,-10.847176,0.05825222,4.363699,5.2903295,-7.0025554,2.7902417,-0.56556404,4.155236
-282.05426,93.239075,11.627972,23.28314,2.7945192,15.713646,-3.5614624,3.6904263,-8.910055,-4.8920355,-10.533427,-3.7958608,-6.1366115,-0.918251,5.386667,9.642754,-1.6985543,-0.22546113,-7.487503,-0.7792853
-287.43396,90.82918,12.824736,23.372196,3.9119165,9.119094,-5.2435274,-0.07757777,-6.3638287,0.48161793,-5.6367617,2.0732985,-2.9192169,4.376149,-3.1612802,2.7713552,-5.687173,-7.650817,-12.380507,0.17471325
-285.4502,94.23329,15.626263,20.927284,3.803057,10.920838,-2.364307,-3.7663493,-11.228501,1.6165442,-5.5878,2.4882846,-6.0938463,3.3164506,0.98009795,-0.49044043,-9.942356,-9.1524105,-8.004693,1.8352091
-284.9473,92.60634,14.431526,20.294853,0.8209475,9.67041,-3.1490693,-1.9086127,-12.269942,2.1868875,-3.64913,3.8444,-7.5821495,2.5027359,2.6406958,-1.2589786,-7.039209,0.06733842,-2.012927,4.461424
-288.62506,91.52005,10.960272,19.280586,2.4228005,5.280505,-7.7881637,2.7129471,-4.7361956,0.6863538,-2.7656093,8.954072,0.27847624,-2.2570252,-8.730009,-1.0687245,-2.7715135,6.6936555,2.6591854,5.5026946
-301.73648,94.04914,6.89795,24.755306,3.8803859,8.071977,-3.049705,5.159606,-2.927066,3.0220518,-0.38915145,11.458775,3.0726132,-3.5768657,-3.8686929,0.3646077,-11.13466,2.0864768,-0.017970413,0.28790608
-377.0588,93.31939,9.443079,29.564188,-0.5044972,6.197189,7.165472,1.9771137,-5.4666677,4.639217,7.051052,12.166213,7.4374695,2.4206014,4.514597,-1.7312672,-15.797188,-2.3532286,-3.8351898,-0.5007768
-561.8265,38.234364,21.33982,15.852846,6.158096,6.0391593,10.02523,2.4910383,3.1425362,11.602549,10.944559,11.218098,14.087865,9.837938,5.1192493,2.5067282,-1.4269382,-0.16852033,5.1504726,4.738885
-593.9532,7.9124017,7.8762803,7.816491,7.7336273,7.6285353,7.5022535,7.3560433,7.191327,7.0097322,6.812972,6.6029162,6.381508,6.1507597,5.912719,5.669442,5.422968,5.1752906,4.928338,4.6839437
-594.8704,6.6163845,6.583436,6.5288677,6.4531846,6.357101,6.241499,6.1074476,5.956167,5.7890377,5.607546,5.4133024,5.2079954,4.993394,4.7712946,4.5435286,4.311903,4.078289,3.8443894,3.6119313
